participantId,trialId,eventType,timestamp,text
583ef6f5ad2f4300014b358d,four_diamonds_anywhere,synthetic,992738.7000000002,
583ef6f5ad2f4300014b358d,colors_palindrome,synthetic,2191111,
583ef6f5ad2f4300014b358d,colors_palindrome,synthetic,2193526.7,
5c309bb410677f0001dda0ed,adjacent_share_rank_or_suit,synthetic,389398.59999999404,
5c309bb410677f0001dda0ed,two_pairs_suits,synthetic,524403.299999997,
5c309bb410677f0001dda0ed,all_even,synthetic,725227.3999999911,
5c309bb410677f0001dda0ed,four_hearts_adjacent,synthetic,826329.3999999911,
5c309bb410677f0001dda0ed,all_4s_8s_or_9s,synthetic,864285.5,
5d350282cec7150015d16494,both_halves_uniform_suit,paste,264977.2999999998,"In every hand, the first three cards are all the same suit and the last three cards are all the same suit."
5d350282cec7150015d16494,both_halves_uniform_suit,copy,121410.09999999963,
5d350282cec7150015d16494,every_other_ace,paste,311391.19999999925,"In every hand, "
5d350282cec7150015d16494,every_other_ace,copy,271961.0999999996,
5d350282cec7150015d16494,every_other_ace,copy,273481.0999999996,
5d350282cec7150015d16494,ap_step1_len3_adj_ordered,copy,366008.89999999944,
5d350282cec7150015d16494,ap_step1_len3_adj_ordered,copy,444591.89999999944,
5d350282cec7150015d16494,three_spades,paste,988596.7999999998,Each hand contains at least three spades.
5d350282cec7150015d16494,three_spades,copy,608415.7999999998,
5d350282cec7150015d16494,three_spades,copy,620399.2999999998,
5d350282cec7150015d16494,three_spades,copy,636551.5,
5d350282cec7150015d16494,three_spades,copy,933978.2999999998,
5d350282cec7150015d16494,three_spades,copy,954831,
5d350282cec7150015d16494,radial_decreasing,paste,1704081.3999999994,Each hand contains at least one diamond and at least one spade.
5d350282cec7150015d16494,halves_copy_colors,paste,1815650.5,Each hand contains at least one spade and at least one diamond.
5d5a48a67ca41f0001e97f8b,all_red,synthetic,1827832.099999994,
628f827eeb876ed2617881e7,pos135_same_rank,synthetic,1015687.5,
6314bc49055e150c92f4736e,triple_2s_pos234,paste,478335.2999999523,Each hand has at least three 2s.
6314bc49055e150c92f4736e,three_or_more_same_suit,paste,633728.6999999285,Each hand has exactly two more black cards than red cards.
6314bc49055e150c92f4736e,some_half_red_other_black,paste,738382.2999999523,Each hand has exactly three red cards and three black cards.
6314bc49055e150c92f4736e,triple_any_adjacent,paste,826269.8999999762,Each hand contains three cards of the same rank (three of a kind)
6314bc49055e150c92f4736e,four_of_a_kind_adjacent,paste,856898.6999999285,Each hand contains four cards of the same rank (four of a kind).
6314bc49055e150c92f4736e,strict_increasing,paste,918367,Each hand contains a sequence (run) of consecutive cards
6314bc49055e150c92f4736e,two_pairs_suits,paste,976575.2999999523,Every hand has MORE red cards than black cards.
6314bc49055e150c92f4736e,all_4s_8s_or_9s,paste,1224527,"Each hand contains only the ranks 4, 8, and 9"
6314bc49055e150c92f4736e,adjacent_share_rank_or_suit,paste,1281944.5999999046,Each hand contains at least three cards of the same suit.
6314bc49055e150c92f4736e,ranks_palindrome,paste,1429308.6999999285,Each hand contains exactly three pairs.
6314bc49055e150c92f4736e,straight5_same_suit,paste,1493889.3999999762,Each hand has at least five cards of the same suit.
6314bc49055e150c92f4736e,three_any_suit_adjacent,paste,1539573.0999999046,"Every hand has at least one face card (J, Q, or K)."
654beb18b762f5afea837c8b,all_same_color,copy,778355,
654beb18b762f5afea837c8b,ap_step2_len4_adj_ordered,copy,1694789.5,
656f366a539cf734f6c2bd27,ap_len3_step1_anywhere,copy,722493.8000000007,
65ccca52871269168cc029b5,both_halves_uniform_suit,synthetic,235372,
65ccca52871269168cc029b5,two_pairs_ranks,synthetic,429248.89999999106,
663ece769c3a32475d274c94,all_but_one_same_color,synthetic,644979.8999999994,
66f58c9493251ae2f43ef088,ap_step1_len3_adj_ordered,synthetic,639106.3999999911,
671e55aeca0216c5762de35a,straight5_same_suit,paste,420286.09999999404,Sequential 
673feeafa80a279f5cc63e33,no_adjacent_same_suit,synthetic,1309834.200000003,
673feeafa80a279f5cc63e33,suit_brackets_no_cross,synthetic,1950421.5,
673feeafa80a279f5cc63e33,even_pos_red_odd_pos_black,synthetic,2008834.399999991,
674bea1eb044fbe75795fef1,ap_step2_len4_adj_ordered,copy,1174458.099999994,
674bea1eb044fbe75795fef1,ap_step2_len4_adj_ordered,synthetic,1045809,
674bea1eb044fbe75795fef1,ap_step2_len4_adj,synthetic,3474839.900000006,
674bea1eb044fbe75795fef1,suit_brackets_nested,synthetic,3969803.800000012,
674bea1eb044fbe75795fef1,suit_brackets_nested,synthetic,4120916.5,
67c1d6d98c8787be36609212,all_same_suit,synthetic,133545.5,
67c1d6d98c8787be36609212,all_same_suit,synthetic,133546.89999997616,
67c1d6d98c8787be36609212,all_same_suit,synthetic,133547.60000002384,
67c1d6d98c8787be36609212,all_same_suit,synthetic,133548.20000004768,
67c1d6d98c8787be36609212,all_same_suit,synthetic,133548.60000002384,
67c1d6d98c8787be36609212,all_same_suit,synthetic,133549,
67c1d6d98c8787be36609212,all_same_suit,synthetic,133549.29999995232,
67c1d6d98c8787be36609212,all_same_suit,synthetic,133549.60000002384,
67c1d6d98c8787be36609212,all_same_suit,synthetic,133550,
67c1d6d98c8787be36609212,all_same_suit,synthetic,133550.5,
67c1d6d98c8787be36609212,all_same_suit,synthetic,133550.79999995232,
67c1d6d98c8787be36609212,all_same_suit,synthetic,133551.10000002384,
67c1d6d98c8787be36609212,all_same_suit,synthetic,133551.39999997616,
67c1d6d98c8787be36609212,all_same_suit,synthetic,133551.70000004768,
67c1d6d98c8787be36609212,all_same_suit,synthetic,133552.10000002384,
67c1d6d98c8787be36609212,all_same_suit,synthetic,133552.5,
67c1d6d98c8787be36609212,all_same_suit,synthetic,133552.79999995232,
67c1d6d98c8787be36609212,all_same_suit,synthetic,133553.10000002384,
67c1d6d98c8787be36609212,all_same_suit,synthetic,133553.39999997616,
67c1d6d98c8787be36609212,all_same_suit,synthetic,133553.70000004768,
67c1d6d98c8787be36609212,all_same_suit,synthetic,133554.10000002384,
67c1d6d98c8787be36609212,all_same_suit,synthetic,133554.70000004768,
67c1d6d98c8787be36609212,all_same_suit,synthetic,133555,
67c1d6d98c8787be36609212,all_same_suit,synthetic,133555.39999997616,
67c1d6d98c8787be36609212,all_same_suit,synthetic,133555.60000002384,
67c1d6d98c8787be36609212,all_same_suit,synthetic,133556,
67c1d6d98c8787be36609212,all_same_suit,synthetic,133556.29999995232,
67c1d6d98c8787be36609212,all_same_suit,synthetic,137592.20000004768,
67c1d6d98c8787be36609212,all_same_suit,synthetic,137593.29999995232,
67c1d6d98c8787be36609212,all_same_suit,synthetic,137593.89999997616,
67c1d6d98c8787be36609212,all_same_suit,synthetic,137594.89999997616,
67c1d6d98c8787be36609212,all_same_suit,synthetic,137595.60000002384,
67c1d6d98c8787be36609212,all_same_suit,synthetic,141023.60000002384,
67c1d6d98c8787be36609212,all_same_suit,synthetic,141024.89999997616,
67c1d6d98c8787be36609212,all_same_suit,synthetic,141025.5,
67c1d6d98c8787be36609212,all_same_suit,synthetic,141025.79999995232,
67c1d6d98c8787be36609212,all_same_suit,synthetic,141026.29999995232,
67c1d6d98c8787be36609212,all_same_suit,synthetic,141026.79999995232,
67c1d6d98c8787be36609212,all_same_suit,synthetic,141027.29999995232,
67c1d6d98c8787be36609212,all_same_suit,synthetic,141028,
67c1d6d98c8787be36609212,all_same_suit,synthetic,141028.70000004768,
67c1d6d98c8787be36609212,all_same_suit,synthetic,141029.79999995232,
67c1d6d98c8787be36609212,all_same_suit,synthetic,141030.20000004768,
67c1d6d98c8787be36609212,all_same_suit,synthetic,141030.70000004768,
67c1d6d98c8787be36609212,all_same_suit,synthetic,141031,
67c1d6d98c8787be36609212,all_same_suit,synthetic,141031.29999995232,
67c1d6d98c8787be36609212,all_same_suit,synthetic,141031.79999995232,
67c1d6d98c8787be36609212,all_same_suit,synthetic,141032.10000002384,
67c1d6d98c8787be36609212,all_same_suit,synthetic,141032.39999997616,
67c1d6d98c8787be36609212,all_same_suit,synthetic,141032.70000004768,
67c1d6d98c8787be36609212,all_same_suit,synthetic,141033,
67c1d6d98c8787be36609212,all_same_suit,synthetic,145153.60000002384,
67c1d6d98c8787be36609212,all_same_suit,synthetic,145154.60000002384,
67c1d6d98c8787be36609212,all_same_suit,synthetic,145155.39999997616,
67c1d6d98c8787be36609212,all_same_suit,synthetic,145155.89999997616,
67c1d6d98c8787be36609212,all_same_suit,synthetic,145156.39999997616,
67c1d6d98c8787be36609212,all_same_suit,synthetic,145156.70000004768,
67c1d6d98c8787be36609212,all_same_suit,synthetic,145157.10000002384,
67c1d6d98c8787be36609212,all_same_suit,synthetic,145157.39999997616,
67c1d6d98c8787be36609212,all_same_suit,synthetic,145157.79999995232,
67c1d6d98c8787be36609212,all_same_suit,synthetic,145158.20000004768,
67c1d6d98c8787be36609212,all_same_suit,synthetic,145158.39999997616,
67c1d6d98c8787be36609212,all_same_suit,synthetic,145158.70000004768,
67c1d6d98c8787be36609212,all_same_suit,synthetic,145159.10000002384,
67c1d6d98c8787be36609212,all_same_suit,synthetic,145159.5,
67c1d6d98c8787be36609212,all_same_suit,synthetic,145159.70000004768,
67c1d6d98c8787be36609212,all_same_suit,synthetic,145160,
67c1d6d98c8787be36609212,all_same_suit,synthetic,145160.89999997616,
67c1d6d98c8787be36609212,all_same_suit,synthetic,145161.70000004768,
67c1d6d98c8787be36609212,all_same_suit,synthetic,145162.79999995232,
67c1d6d98c8787be36609212,all_same_suit,synthetic,145163.70000004768,
67c1d6d98c8787be36609212,all_same_suit,synthetic,145164.39999997616,
67c1d6d98c8787be36609212,all_same_suit,synthetic,145164.89999997616,
67c1d6d98c8787be36609212,all_same_suit,synthetic,145165.29999995232,
67c1d6d98c8787be36609212,all_same_suit,synthetic,145165.60000002384,
67c1d6d98c8787be36609212,all_same_suit,synthetic,145165.89999997616,
67c1d6d98c8787be36609212,all_same_suit,synthetic,145166.29999995232,
67c1d6d98c8787be36609212,all_same_suit,synthetic,145166.70000004768,
67c1d6d98c8787be36609212,all_same_suit,synthetic,145167,
67c1d6d98c8787be36609212,all_same_suit,synthetic,145167.29999995232,
67c1d6d98c8787be36609212,all_same_suit,synthetic,145167.70000004768,
67c1d6d98c8787be36609212,all_same_suit,synthetic,145167.89999997616,
67c1d6d98c8787be36609212,all_same_suit,synthetic,145168.29999995232,
67c1d6d98c8787be36609212,all_same_suit,synthetic,145168.60000002384,
67c1d6d98c8787be36609212,all_same_suit,synthetic,145168.89999997616,
67c1d6d98c8787be36609212,all_same_suit,synthetic,151702.39999997616,
67c1d6d98c8787be36609212,all_same_suit,synthetic,151703.39999997616,
67c1d6d98c8787be36609212,all_same_suit,synthetic,151704.10000002384,
67c1d6d98c8787be36609212,all_same_suit,synthetic,151704.5,
67c1d6d98c8787be36609212,all_same_suit,synthetic,151704.89999997616,
67c1d6d98c8787be36609212,all_same_suit,synthetic,157755.39999997616,
67c1d6d98c8787be36609212,all_same_suit,synthetic,157756.20000004768,
67c1d6d98c8787be36609212,all_same_suit,synthetic,157757.10000002384,
67c1d6d98c8787be36609212,all_same_suit,synthetic,157757.60000002384,
67c1d6d98c8787be36609212,all_same_suit,synthetic,157758.10000002384,
67c1d6d98c8787be36609212,all_same_suit,synthetic,157758.5,
67c1d6d98c8787be36609212,all_same_suit,synthetic,157758.79999995232,
67c1d6d98c8787be36609212,all_same_suit,synthetic,157759.10000002384,
67c1d6d98c8787be36609212,all_same_suit,synthetic,157759.70000004768,
67c1d6d98c8787be36609212,all_same_suit,synthetic,157760.39999997616,
67c1d6d98c8787be36609212,all_same_suit,synthetic,157761.20000004768,
67c1d6d98c8787be36609212,all_same_suit,synthetic,157762.29999995232,
67c1d6d98c8787be36609212,all_same_suit,synthetic,157762.79999995232,
67c1d6d98c8787be36609212,all_same_suit,synthetic,157763.20000004768,
67c1d6d98c8787be36609212,all_same_suit,synthetic,157763.70000004768,
67c1d6d98c8787be36609212,all_same_suit,synthetic,157764.10000002384,
67c1d6d98c8787be36609212,all_same_suit,synthetic,157764.60000002384,
67c1d6d98c8787be36609212,all_same_suit,synthetic,157765,
67c1d6d98c8787be36609212,all_same_suit,synthetic,157765.20000004768,
67c1d6d98c8787be36609212,all_same_suit,synthetic,157765.60000002384,
67c1d6d98c8787be36609212,all_same_suit,synthetic,157765.89999997616,
67c1d6d98c8787be36609212,all_same_suit,synthetic,157766.29999995232,
67c1d6d98c8787be36609212,all_same_suit,synthetic,160150.5,
67c1d6d98c8787be36609212,all_same_suit,synthetic,160151.5,
67c1d6d98c8787be36609212,all_same_suit,synthetic,160152.70000004768,
67c1d6d98c8787be36609212,all_same_suit,synthetic,160153.60000002384,
67c1d6d98c8787be36609212,all_same_suit,synthetic,160154.39999997616,
67c1d6d98c8787be36609212,all_same_suit,synthetic,160155.39999997616,
67c1d6d98c8787be36609212,all_same_suit,synthetic,160156.20000004768,
67c1d6d98c8787be36609212,all_same_suit,synthetic,160156.70000004768,
67c1d6d98c8787be36609212,all_same_suit,synthetic,160157.60000002384,
67c1d6d98c8787be36609212,all_same_suit,synthetic,160158.20000004768,
67c1d6d98c8787be36609212,all_same_suit,synthetic,160158.70000004768,
67c1d6d98c8787be36609212,all_same_suit,synthetic,160159.20000004768,
67c1d6d98c8787be36609212,all_same_suit,synthetic,160160,
67c1d6d98c8787be36609212,all_same_suit,synthetic,160160.89999997616,
67c1d6d98c8787be36609212,all_same_suit,synthetic,160161.89999997616,
67c1d6d98c8787be36609212,all_same_suit,synthetic,160162.70000004768,
67c1d6d98c8787be36609212,all_same_suit,synthetic,160163.20000004768,
67c1d6d98c8787be36609212,all_same_suit,synthetic,160163.89999997616,
67c1d6d98c8787be36609212,all_same_suit,synthetic,160164.5,
67c1d6d98c8787be36609212,all_same_suit,synthetic,160165.10000002384,
67c1d6d98c8787be36609212,all_same_suit,synthetic,160165.70000004768,
67c1d6d98c8787be36609212,all_same_suit,synthetic,160166.20000004768,
67c1d6d98c8787be36609212,all_same_suit,synthetic,160166.79999995232,
67c1d6d98c8787be36609212,all_same_suit,synthetic,160167.39999997616,
67c1d6d98c8787be36609212,all_same_suit,synthetic,160168.29999995232,
67c1d6d98c8787be36609212,all_same_suit,synthetic,160169,
67c1d6d98c8787be36609212,all_same_suit,synthetic,160169.5,
67c1d6d98c8787be36609212,all_same_suit,synthetic,160170,
67c1d6d98c8787be36609212,all_same_suit,synthetic,160170.60000002384,
67c1d6d98c8787be36609212,all_same_suit,synthetic,160171.20000004768,
67c1d6d98c8787be36609212,all_same_suit,synthetic,160171.70000004768,
67c1d6d98c8787be36609212,all_same_suit,synthetic,165324.70000004768,
67c1d6d98c8787be36609212,all_same_suit,synthetic,165325.5,
67c1d6d98c8787be36609212,all_same_suit,synthetic,165326.39999997616,
67c1d6d98c8787be36609212,all_same_suit,synthetic,165327.29999995232,
67c1d6d98c8787be36609212,all_same_suit,synthetic,165328.29999995232,
67c1d6d98c8787be36609212,all_same_suit,synthetic,167277.10000002384,
67c1d6d98c8787be36609212,all_same_suit,synthetic,167278.10000002384,
67c1d6d98c8787be36609212,all_same_suit,synthetic,167278.70000004768,
67c1d6d98c8787be36609212,all_same_suit,synthetic,167279.5,
67c1d6d98c8787be36609212,all_same_suit,synthetic,167279.89999997616,
67c1d6d98c8787be36609212,all_same_suit,synthetic,167280.29999995232,
67c1d6d98c8787be36609212,all_same_suit,synthetic,167280.70000004768,
67c1d6d98c8787be36609212,all_same_suit,synthetic,177045.89999997616,
67c1d6d98c8787be36609212,all_same_suit,synthetic,177046.89999997616,
67c1d6d98c8787be36609212,all_same_suit,synthetic,177048.39999997616,
67c1d6d98c8787be36609212,all_same_suit,synthetic,177049.20000004768,
67c1d6d98c8787be36609212,all_same_suit,synthetic,177050,
67c1d6d98c8787be36609212,all_same_suit,synthetic,177050.70000004768,
67c1d6d98c8787be36609212,all_same_suit,synthetic,177051.29999995232,
67c1d6d98c8787be36609212,all_same_suit,synthetic,177051.89999997616,
67c1d6d98c8787be36609212,all_same_suit,synthetic,177052.20000004768,
67c1d6d98c8787be36609212,all_same_suit,synthetic,177052.60000002384,
67c1d6d98c8787be36609212,all_same_suit,synthetic,177053,
67c1d6d98c8787be36609212,all_same_suit,synthetic,177053.29999995232,
67c1d6d98c8787be36609212,all_same_suit,synthetic,177053.60000002384,
67c1d6d98c8787be36609212,all_same_suit,synthetic,177054,
67c1d6d98c8787be36609212,all_same_suit,synthetic,177054.39999997616,
67c1d6d98c8787be36609212,all_same_suit,synthetic,177054.79999995232,
67c1d6d98c8787be36609212,all_same_suit,synthetic,177055.10000002384,
67c1d6d98c8787be36609212,all_same_suit,synthetic,177055.5,
67c1d6d98c8787be36609212,all_same_suit,synthetic,177055.79999995232,
67c1d6d98c8787be36609212,all_same_suit,synthetic,177056.10000002384,
67c1d6d98c8787be36609212,all_same_suit,synthetic,177056.39999997616,
67c1d6d98c8787be36609212,all_same_suit,synthetic,177056.79999995232,
67c1d6d98c8787be36609212,all_same_suit,synthetic,177057,
67c1d6d98c8787be36609212,all_same_suit,synthetic,177057.39999997616,
67c1d6d98c8787be36609212,all_same_suit,synthetic,177057.70000004768,
67c1d6d98c8787be36609212,all_same_suit,synthetic,177058.10000002384,
67c1d6d98c8787be36609212,all_same_suit,synthetic,177058.39999997616,
67c1d6d98c8787be36609212,all_same_suit,synthetic,177059,
67c1d6d98c8787be36609212,all_same_suit,synthetic,177059.70000004768,
67c1d6d98c8787be36609212,all_same_suit,synthetic,177060.5,
67c1d6d98c8787be36609212,all_same_suit,synthetic,177060.79999995232,
67c1d6d98c8787be36609212,all_same_suit,synthetic,177061.29999995232,
67c1d6d98c8787be36609212,all_same_suit,synthetic,177061.70000004768,
67c1d6d98c8787be36609212,all_same_suit,synthetic,177061.89999997616,
67c1d6d98c8787be36609212,all_same_suit,synthetic,177062.29999995232,
67c1d6d98c8787be36609212,all_same_suit,synthetic,177062.60000002384,
67c1d6d98c8787be36609212,all_same_suit,synthetic,177062.89999997616,
67c1d6d98c8787be36609212,all_same_suit,synthetic,177063.29999995232,
67c1d6d98c8787be36609212,all_same_suit,synthetic,177063.60000002384,
67c1d6d98c8787be36609212,all_same_suit,synthetic,177064.10000002384,
67c1d6d98c8787be36609212,all_same_suit,synthetic,177064.5,
67c1d6d98c8787be36609212,all_same_suit,synthetic,177064.79999995232,
67c1d6d98c8787be36609212,all_same_suit,synthetic,177065.20000004768,
67c1d6d98c8787be36609212,all_same_suit,synthetic,177065.60000002384,
67c1d6d98c8787be36609212,all_same_suit,synthetic,179905.79999995232,
67c1d6d98c8787be36609212,all_same_suit,synthetic,179906.79999995232,
67c1d6d98c8787be36609212,all_same_suit,synthetic,179907.70000004768,
67c1d6d98c8787be36609212,all_same_suit,synthetic,179908.60000002384,
67c1d6d98c8787be36609212,all_same_suit,synthetic,179909.60000002384,
67c1d6d98c8787be36609212,all_same_suit,synthetic,179910.60000002384,
67c1d6d98c8787be36609212,all_same_suit,synthetic,179911.5,
67c1d6d98c8787be36609212,all_same_suit,synthetic,179912,
67c1d6d98c8787be36609212,all_same_suit,synthetic,179912.39999997616,
67c1d6d98c8787be36609212,all_same_suit,synthetic,179912.89999997616,
67c1d6d98c8787be36609212,all_same_suit,synthetic,179913.20000004768,
67c1d6d98c8787be36609212,all_same_suit,synthetic,179913.60000002384,
67c1d6d98c8787be36609212,all_same_suit,synthetic,179914.10000002384,
67c1d6d98c8787be36609212,all_same_suit,synthetic,179914.5,
67c1d6d98c8787be36609212,all_same_suit,synthetic,179914.89999997616,
67c1d6d98c8787be36609212,all_same_suit,synthetic,185024.79999995232,
67c1d6d98c8787be36609212,all_same_suit,synthetic,185026.5,
67c1d6d98c8787be36609212,all_same_suit,synthetic,185027.89999997616,
67c1d6d98c8787be36609212,all_same_suit,synthetic,185028.60000002384,
67c1d6d98c8787be36609212,all_same_suit,synthetic,185029.39999997616,
67c1d6d98c8787be36609212,all_same_suit,synthetic,185030.39999997616,
67c1d6d98c8787be36609212,all_same_suit,synthetic,185031,
67c1d6d98c8787be36609212,all_same_suit,synthetic,185031.39999997616,
67c1d6d98c8787be36609212,all_same_suit,synthetic,185031.79999995232,
67c1d6d98c8787be36609212,all_same_suit,synthetic,185032.10000002384,
67c1d6d98c8787be36609212,all_same_suit,synthetic,185032.39999997616,
67c1d6d98c8787be36609212,all_same_suit,synthetic,185032.79999995232,
67c1d6d98c8787be36609212,all_same_suit,synthetic,185033.10000002384,
67c1d6d98c8787be36609212,all_same_suit,synthetic,185033.39999997616,
67c1d6d98c8787be36609212,all_same_suit,synthetic,185033.79999995232,
67c1d6d98c8787be36609212,all_same_suit,synthetic,185034.20000004768,
67c1d6d98c8787be36609212,all_same_suit,synthetic,185034.60000002384,
67c1d6d98c8787be36609212,all_same_suit,synthetic,185034.89999997616,
67c1d6d98c8787be36609212,all_same_suit,synthetic,185035.20000004768,
67c1d6d98c8787be36609212,all_same_suit,synthetic,185035.5,
67c1d6d98c8787be36609212,all_same_suit,synthetic,185035.89999997616,
67c1d6d98c8787be36609212,all_same_suit,synthetic,185036.20000004768,
67c1d6d98c8787be36609212,all_same_suit,synthetic,185036.39999997616,
67c1d6d98c8787be36609212,all_same_suit,synthetic,185036.79999995232,
67c1d6d98c8787be36609212,all_same_suit,synthetic,185037.10000002384,
67c1d6d98c8787be36609212,all_same_suit,synthetic,185037.60000002384,
67c1d6d98c8787be36609212,all_same_suit,synthetic,185038,
67c1d6d98c8787be36609212,all_same_suit,synthetic,185038.29999995232,
67c1d6d98c8787be36609212,all_same_suit,synthetic,185038.60000002384,
67c1d6d98c8787be36609212,all_same_suit,synthetic,185038.89999997616,
67c1d6d98c8787be36609212,all_same_suit,synthetic,185039.20000004768,
67c1d6d98c8787be36609212,all_same_suit,synthetic,185039.70000004768,
67c1d6d98c8787be36609212,all_same_suit,synthetic,185040.29999995232,
67c1d6d98c8787be36609212,all_same_suit,synthetic,185041,
67c1d6d98c8787be36609212,all_same_suit,synthetic,185041.79999995232,
67c1d6d98c8787be36609212,all_same_suit,synthetic,185042.89999997616,
67c1d6d98c8787be36609212,all_same_suit,synthetic,185043.70000004768,
67c1d6d98c8787be36609212,all_same_suit,synthetic,185044.5,
67c1d6d98c8787be36609212,all_same_suit,synthetic,185045,
67c1d6d98c8787be36609212,all_same_suit,synthetic,185045.60000002384,
67c1d6d98c8787be36609212,all_same_suit,synthetic,185046,
67c1d6d98c8787be36609212,all_same_suit,synthetic,185046.5,
67c1d6d98c8787be36609212,all_same_suit,synthetic,185046.89999997616,
67c1d6d98c8787be36609212,all_same_suit,synthetic,185047.29999995232,
67c1d6d98c8787be36609212,all_same_suit,synthetic,185047.5,
67c1d6d98c8787be36609212,all_same_suit,synthetic,185047.89999997616,
67c1d6d98c8787be36609212,all_same_suit,synthetic,185048.29999995232,
67c1d6d98c8787be36609212,all_same_suit,synthetic,185048.70000004768,
67c1d6d98c8787be36609212,all_same_suit,synthetic,185048.89999997616,
67c1d6d98c8787be36609212,all_same_suit,synthetic,185049.29999995232,
67c1d6d98c8787be36609212,all_same_suit,synthetic,185049.60000002384,
67c1d6d98c8787be36609212,all_same_suit,synthetic,185050,
67c1d6d98c8787be36609212,all_same_suit,synthetic,185050.39999997616,
67c1d6d98c8787be36609212,all_same_suit,synthetic,185052.20000004768,
67c1d6d98c8787be36609212,all_same_suit,synthetic,185053,
67c1d6d98c8787be36609212,all_same_suit,synthetic,185053.70000004768,
67c1d6d98c8787be36609212,all_same_suit,synthetic,185054.39999997616,
67c1d6d98c8787be36609212,all_same_suit,synthetic,185055.10000002384,
67c1d6d98c8787be36609212,all_same_suit,synthetic,185055.79999995232,
67c1d6d98c8787be36609212,all_same_suit,synthetic,185056.39999997616,
67c1d6d98c8787be36609212,all_same_suit,synthetic,185057,
67c1d6d98c8787be36609212,all_same_suit,synthetic,185060.20000004768,
67c1d6d98c8787be36609212,all_same_suit,synthetic,185061.10000002384,
67c1d6d98c8787be36609212,all_same_suit,synthetic,185061.89999997616,
67c1d6d98c8787be36609212,all_same_suit,synthetic,185062.60000002384,
67c1d6d98c8787be36609212,all_same_suit,synthetic,185063.39999997616,
67c1d6d98c8787be36609212,all_same_suit,synthetic,185064,
67c1d6d98c8787be36609212,all_same_suit,synthetic,185064.5,
67c1d6d98c8787be36609212,all_same_suit,synthetic,185065,
67c1d6d98c8787be36609212,all_same_suit,synthetic,185065.39999997616,
67c1d6d98c8787be36609212,all_same_suit,synthetic,185065.79999995232,
67c1d6d98c8787be36609212,all_same_suit,synthetic,185066.39999997616,
67c1d6d98c8787be36609212,all_same_suit,synthetic,185066.70000004768,
67c1d6d98c8787be36609212,all_same_suit,synthetic,185067.20000004768,
67c1d6d98c8787be36609212,all_same_suit,synthetic,185067.60000002384,
67c1d6d98c8787be36609212,all_same_suit,synthetic,185068.10000002384,
67c1d6d98c8787be36609212,all_same_suit,synthetic,185068.60000002384,
67c1d6d98c8787be36609212,all_same_suit,synthetic,185069.10000002384,
67c1d6d98c8787be36609212,all_same_suit,synthetic,185069.5,
67c1d6d98c8787be36609212,all_same_suit,synthetic,185070,
67c1d6d98c8787be36609212,all_same_suit,synthetic,185070.39999997616,
67c1d6d98c8787be36609212,all_same_suit,synthetic,185070.79999995232,
67c1d6d98c8787be36609212,all_same_suit,synthetic,185071.29999995232,
67c1d6d98c8787be36609212,all_same_suit,synthetic,185071.60000002384,
67c1d6d98c8787be36609212,all_same_suit,synthetic,185072.10000002384,
67c1d6d98c8787be36609212,all_same_suit,synthetic,185072.60000002384,
67c1d6d98c8787be36609212,all_same_suit,synthetic,185073.10000002384,
67c1d6d98c8787be36609212,all_same_suit,synthetic,185073.5,
67c1d6d98c8787be36609212,all_same_suit,synthetic,185073.89999997616,
67c1d6d98c8787be36609212,all_same_suit,synthetic,185074.5,
67c1d6d98c8787be36609212,all_same_suit,synthetic,185075.29999995232,
67c1d6d98c8787be36609212,all_same_suit,synthetic,185076,
67c1d6d98c8787be36609212,all_same_suit,synthetic,185076.5,
67c1d6d98c8787be36609212,all_same_suit,synthetic,185077,
67c1d6d98c8787be36609212,all_same_suit,synthetic,185077.39999997616,
67c1d6d98c8787be36609212,all_same_suit,synthetic,185077.79999995232,
67c1d6d98c8787be36609212,all_same_suit,synthetic,185078.20000004768,
67c1d6d98c8787be36609212,all_same_suit,synthetic,185078.60000002384,
67c1d6d98c8787be36609212,all_same_suit,synthetic,185079.10000002384,
67c1d6d98c8787be36609212,all_same_suit,synthetic,185079.5,
67c1d6d98c8787be36609212,all_same_suit,synthetic,185080,
67c1d6d98c8787be36609212,all_same_suit,synthetic,192960.70000004768,
67c1d6d98c8787be36609212,all_same_suit,synthetic,192961.89999997616,
67c1d6d98c8787be36609212,all_same_suit,synthetic,192962.89999997616,
67c1d6d98c8787be36609212,all_same_suit,synthetic,192963.70000004768,
67c1d6d98c8787be36609212,all_same_suit,synthetic,192964.5,
67c1d6d98c8787be36609212,all_same_suit,synthetic,192965,
67c1d6d98c8787be36609212,all_same_suit,synthetic,192965.79999995232,
67c1d6d98c8787be36609212,all_same_suit,synthetic,192966.5,
67c1d6d98c8787be36609212,all_same_suit,synthetic,192966.89999997616,
67c1d6d98c8787be36609212,all_same_suit,synthetic,192967.29999995232,
67c1d6d98c8787be36609212,all_same_suit,synthetic,192967.70000004768,
67c1d6d98c8787be36609212,all_same_suit,synthetic,192968.20000004768,
67c1d6d98c8787be36609212,all_same_suit,synthetic,192968.5,
67c1d6d98c8787be36609212,all_same_suit,synthetic,192968.79999995232,
67c1d6d98c8787be36609212,all_same_suit,synthetic,192969.10000002384,
67c1d6d98c8787be36609212,all_same_suit,synthetic,192969.5,
67c1d6d98c8787be36609212,all_same_suit,synthetic,192969.89999997616,
67c1d6d98c8787be36609212,all_same_suit,synthetic,192970.39999997616,
67c1d6d98c8787be36609212,all_same_suit,synthetic,192970.79999995232,
67c1d6d98c8787be36609212,all_same_suit,synthetic,192971.10000002384,
67c1d6d98c8787be36609212,all_same_suit,synthetic,192971.39999997616,
67c1d6d98c8787be36609212,all_same_suit,synthetic,192971.70000004768,
67c1d6d98c8787be36609212,all_same_suit,synthetic,192972.10000002384,
67c1d6d98c8787be36609212,all_same_suit,synthetic,192972.39999997616,
67c1d6d98c8787be36609212,all_same_suit,synthetic,192972.70000004768,
67c1d6d98c8787be36609212,all_same_suit,synthetic,192973,
67c1d6d98c8787be36609212,all_same_suit,synthetic,192973.39999997616,
67c1d6d98c8787be36609212,all_same_suit,synthetic,192973.60000002384,
67c1d6d98c8787be36609212,all_same_suit,synthetic,192974,
67c1d6d98c8787be36609212,all_same_suit,synthetic,192975,
67c1d6d98c8787be36609212,all_same_suit,synthetic,192975.70000004768,
67c1d6d98c8787be36609212,all_same_suit,synthetic,192976.60000002384,
67c1d6d98c8787be36609212,all_same_suit,synthetic,192977.39999997616,
67c1d6d98c8787be36609212,all_same_suit,synthetic,192977.89999997616,
67c1d6d98c8787be36609212,all_same_suit,synthetic,192978.39999997616,
67c1d6d98c8787be36609212,all_same_suit,synthetic,192978.70000004768,
67c1d6d98c8787be36609212,all_same_suit,synthetic,192979.10000002384,
67c1d6d98c8787be36609212,all_same_suit,synthetic,192979.39999997616,
67c1d6d98c8787be36609212,all_same_suit,synthetic,192979.79999995232,
67c1d6d98c8787be36609212,all_same_suit,synthetic,192980.20000004768,
67c1d6d98c8787be36609212,all_same_suit,synthetic,192980.60000002384,
67c1d6d98c8787be36609212,all_same_suit,synthetic,192981,
67c1d6d98c8787be36609212,all_same_suit,synthetic,192981.29999995232,
67c1d6d98c8787be36609212,all_same_suit,synthetic,192981.60000002384,
67c1d6d98c8787be36609212,all_same_suit,synthetic,192981.89999997616,
67c1d6d98c8787be36609212,all_same_suit,synthetic,192982.29999995232,
67c1d6d98c8787be36609212,all_same_suit,synthetic,192982.60000002384,
67c1d6d98c8787be36609212,all_same_suit,synthetic,192982.89999997616,
67c1d6d98c8787be36609212,all_same_suit,synthetic,192983.29999995232,
67c1d6d98c8787be36609212,all_same_suit,synthetic,192983.70000004768,
67c1d6d98c8787be36609212,all_same_suit,synthetic,192984.10000002384,
67c1d6d98c8787be36609212,all_same_suit,synthetic,192984.5,
67c1d6d98c8787be36609212,all_same_suit,synthetic,192984.89999997616,
67c1d6d98c8787be36609212,all_same_suit,synthetic,192985.29999995232,
67c1d6d98c8787be36609212,all_same_suit,synthetic,192985.5,
67c1d6d98c8787be36609212,all_same_suit,synthetic,192985.89999997616,
67c1d6d98c8787be36609212,all_same_suit,synthetic,192986.20000004768,
67c1d6d98c8787be36609212,all_same_suit,synthetic,192986.5,
67c1d6d98c8787be36609212,all_same_suit,synthetic,192986.89999997616,
67c1d6d98c8787be36609212,all_same_suit,synthetic,192987.20000004768,
67c1d6d98c8787be36609212,all_same_suit,synthetic,192987.5,
67c1d6d98c8787be36609212,all_same_suit,synthetic,192987.79999995232,
67c1d6d98c8787be36609212,all_same_suit,synthetic,192988.10000002384,
67c1d6d98c8787be36609212,all_same_suit,synthetic,192988.39999997616,
67c1d6d98c8787be36609212,all_same_suit,synthetic,192988.70000004768,
67c1d6d98c8787be36609212,all_same_suit,synthetic,192989.20000004768,
67c1d6d98c8787be36609212,all_same_suit,synthetic,192989.5,
67c1d6d98c8787be36609212,all_same_suit,synthetic,192990,
67c1d6d98c8787be36609212,all_same_suit,synthetic,192990.29999995232,
67c1d6d98c8787be36609212,all_same_suit,synthetic,192990.70000004768,
67c1d6d98c8787be36609212,all_same_suit,synthetic,192991.29999995232,
67c1d6d98c8787be36609212,all_same_suit,synthetic,192992,
67c1d6d98c8787be36609212,all_same_suit,synthetic,192992.5,
67c1d6d98c8787be36609212,all_same_suit,synthetic,192992.89999997616,
67c1d6d98c8787be36609212,all_same_suit,synthetic,192993.29999995232,
67c1d6d98c8787be36609212,all_same_suit,synthetic,192993.70000004768,
67c1d6d98c8787be36609212,all_same_suit,synthetic,192994.20000004768,
67c1d6d98c8787be36609212,all_same_suit,synthetic,192994.70000004768,
67c1d6d98c8787be36609212,all_same_suit,synthetic,192995.10000002384,
67c1d6d98c8787be36609212,all_same_suit,synthetic,192995.5,
67c1d6d98c8787be36609212,all_same_suit,synthetic,192995.89999997616,
67c1d6d98c8787be36609212,all_same_suit,synthetic,192996.29999995232,
67c1d6d98c8787be36609212,all_same_suit,synthetic,192996.70000004768,
67c1d6d98c8787be36609212,all_same_suit,synthetic,192997,
67c1d6d98c8787be36609212,all_same_suit,synthetic,192997.39999997616,
67c1d6d98c8787be36609212,all_same_suit,synthetic,192997.70000004768,
67c1d6d98c8787be36609212,all_same_suit,synthetic,192998.10000002384,
67c1d6d98c8787be36609212,all_same_suit,synthetic,192998.39999997616,
67c1d6d98c8787be36609212,all_same_suit,synthetic,192998.79999995232,
67c1d6d98c8787be36609212,all_same_suit,synthetic,192999.10000002384,
67c1d6d98c8787be36609212,all_same_suit,synthetic,192999.5,
67c1d6d98c8787be36609212,all_same_suit,synthetic,192999.79999995232,
67c1d6d98c8787be36609212,all_same_suit,synthetic,193000.10000002384,
67c1d6d98c8787be36609212,all_same_suit,synthetic,193000.39999997616,
67c1d6d98c8787be36609212,all_same_suit,synthetic,193000.89999997616,
67c1d6d98c8787be36609212,all_same_suit,synthetic,193001.20000004768,
67c1d6d98c8787be36609212,all_same_suit,synthetic,193001.60000002384,
67c1d6d98c8787be36609212,all_same_suit,synthetic,193002,
67c1d6d98c8787be36609212,all_same_suit,synthetic,193002.39999997616,
67c1d6d98c8787be36609212,all_same_suit,synthetic,193002.79999995232,
67c1d6d98c8787be36609212,all_same_suit,synthetic,193003.10000002384,
67c1d6d98c8787be36609212,all_same_suit,synthetic,193003.5,
67c1d6d98c8787be36609212,all_same_suit,synthetic,193003.89999997616,
67c1d6d98c8787be36609212,all_same_suit,synthetic,193004.29999995232,
67c1d6d98c8787be36609212,all_same_suit,synthetic,193004.79999995232,
67c1d6d98c8787be36609212,all_same_suit,synthetic,193005.20000004768,
67c1d6d98c8787be36609212,all_same_suit,synthetic,193005.5,
67c1d6d98c8787be36609212,all_same_suit,synthetic,193005.89999997616,
67c1d6d98c8787be36609212,all_same_suit,synthetic,193006.20000004768,
67c1d6d98c8787be36609212,all_same_suit,synthetic,193006.5,
67c1d6d98c8787be36609212,all_same_suit,synthetic,193006.89999997616,
67c1d6d98c8787be36609212,all_same_suit,synthetic,193007.29999995232,
67c1d6d98c8787be36609212,all_same_suit,synthetic,195811.29999995232,
67c1d6d98c8787be36609212,all_same_suit,synthetic,195812.29999995232,
67c1d6d98c8787be36609212,all_same_suit,synthetic,195813.20000004768,
67c1d6d98c8787be36609212,all_same_suit,synthetic,195813.89999997616,
67c1d6d98c8787be36609212,all_same_suit,synthetic,195814.79999995232,
67c1d6d98c8787be36609212,all_same_suit,synthetic,195815.39999997616,
67c1d6d98c8787be36609212,all_same_suit,synthetic,195816.10000002384,
67c1d6d98c8787be36609212,all_same_suit,synthetic,195816.60000002384,
67c1d6d98c8787be36609212,all_same_suit,synthetic,195817.29999995232,
67c1d6d98c8787be36609212,all_same_suit,synthetic,195817.89999997616,
67c1d6d98c8787be36609212,all_same_suit,synthetic,195818.5,
67c1d6d98c8787be36609212,all_same_suit,synthetic,195819,
67c1d6d98c8787be36609212,all_same_suit,synthetic,195819.5,
67c1d6d98c8787be36609212,all_same_suit,synthetic,195819.79999995232,
67c1d6d98c8787be36609212,all_same_suit,synthetic,195820.20000004768,
67c1d6d98c8787be36609212,all_same_suit,synthetic,200327.5,
67c1d6d98c8787be36609212,all_same_suit,synthetic,200328.89999997616,
67c1d6d98c8787be36609212,all_same_suit,synthetic,200329.70000004768,
67c1d6d98c8787be36609212,all_same_suit,synthetic,200330.70000004768,
67c1d6d98c8787be36609212,all_same_suit,synthetic,200331.5,
67c1d6d98c8787be36609212,all_same_suit,synthetic,200332.29999995232,
67c1d6d98c8787be36609212,all_same_suit,synthetic,200333,
67c1d6d98c8787be36609212,all_same_suit,synthetic,200333.60000002384,
67c1d6d98c8787be36609212,all_same_suit,synthetic,200334.29999995232,
67c1d6d98c8787be36609212,all_same_suit,synthetic,200335,
67c1d6d98c8787be36609212,all_same_suit,synthetic,200335.60000002384,
67c1d6d98c8787be36609212,all_same_suit,synthetic,200336.10000002384,
67c1d6d98c8787be36609212,all_same_suit,synthetic,200336.5,
67c1d6d98c8787be36609212,all_same_suit,synthetic,203918.39999997616,
67c1d6d98c8787be36609212,all_same_suit,synthetic,203919.39999997616,
67c1d6d98c8787be36609212,all_same_suit,synthetic,203920.20000004768,
67c1d6d98c8787be36609212,all_same_suit,synthetic,203921.10000002384,
67c1d6d98c8787be36609212,all_same_suit,synthetic,203921.89999997616,
67c1d6d98c8787be36609212,all_same_suit,synthetic,206692.60000002384,
67c1d6d98c8787be36609212,all_same_suit,synthetic,206693.60000002384,
67c1d6d98c8787be36609212,all_same_suit,synthetic,206694.29999995232,
67c1d6d98c8787be36609212,all_same_suit,synthetic,206694.89999997616,
67c1d6d98c8787be36609212,all_same_suit,synthetic,206695.29999995232,
67c1d6d98c8787be36609212,all_same_suit,synthetic,210909.10000002384,
67c1d6d98c8787be36609212,all_same_suit,synthetic,210910.29999995232,
67c1d6d98c8787be36609212,all_same_suit,synthetic,210911.39999997616,
67c1d6d98c8787be36609212,all_same_suit,synthetic,210912.20000004768,
67c1d6d98c8787be36609212,all_same_suit,synthetic,210912.60000002384,
67c1d6d98c8787be36609212,all_same_suit,synthetic,214710.70000004768,
67c1d6d98c8787be36609212,all_same_suit,synthetic,214711.39999997616,
67c1d6d98c8787be36609212,all_same_suit,synthetic,214711.89999997616,
67c1d6d98c8787be36609212,all_same_suit,synthetic,239349,
67c1d6d98c8787be36609212,all_same_suit,synthetic,239350,
67c1d6d98c8787be36609212,all_same_suit,synthetic,239350.70000004768,
67c1d6d98c8787be36609212,all_same_suit,synthetic,239351.10000002384,
67c1d6d98c8787be36609212,all_same_suit,synthetic,239351.39999997616,
67c1d6d98c8787be36609212,all_same_suit,synthetic,239351.79999995232,
67c1d6d98c8787be36609212,all_same_suit,synthetic,239352,
67c1d6d98c8787be36609212,all_same_suit,synthetic,239352.29999995232,
67c1d6d98c8787be36609212,all_same_suit,synthetic,239352.70000004768,
67c1d6d98c8787be36609212,all_same_suit,synthetic,239352.89999997616,
67c1d6d98c8787be36609212,all_same_suit,synthetic,239353.29999995232,
67c1d6d98c8787be36609212,all_same_suit,synthetic,239353.5,
67c1d6d98c8787be36609212,all_same_suit,synthetic,239353.79999995232,
67c1d6d98c8787be36609212,all_same_suit,synthetic,239354.20000004768,
67c1d6d98c8787be36609212,all_same_suit,synthetic,239354.79999995232,
67c1d6d98c8787be36609212,all_same_suit,synthetic,239355.10000002384,
67c1d6d98c8787be36609212,all_same_suit,synthetic,239355.70000004768,
67c1d6d98c8787be36609212,all_same_suit,synthetic,239356.5,
67c1d6d98c8787be36609212,all_same_suit,synthetic,239357.20000004768,
67c1d6d98c8787be36609212,all_same_suit,synthetic,239357.60000002384,
67c1d6d98c8787be36609212,all_same_suit,synthetic,239358.29999995232,
67c1d6d98c8787be36609212,all_same_suit,synthetic,239358.79999995232,
67c1d6d98c8787be36609212,all_same_suit,synthetic,239359.20000004768,
67c1d6d98c8787be36609212,four_kind_adjacent_any,synthetic,259173.29999995232,
67c1d6d98c8787be36609212,four_kind_adjacent_any,synthetic,259174.10000002384,
67c1d6d98c8787be36609212,four_kind_adjacent_any,synthetic,259174.70000004768,
67c1d6d98c8787be36609212,four_kind_adjacent_any,synthetic,259175.5,
67c1d6d98c8787be36609212,four_kind_adjacent_any,synthetic,259175.79999995232,
67c1d6d98c8787be36609212,four_kind_adjacent_any,synthetic,259176.20000004768,
67c1d6d98c8787be36609212,four_kind_adjacent_any,synthetic,259176.5,
67c1d6d98c8787be36609212,four_kind_adjacent_any,synthetic,259178.70000004768,
67c1d6d98c8787be36609212,four_kind_adjacent_any,synthetic,259179.89999997616,
67c1d6d98c8787be36609212,four_kind_adjacent_any,synthetic,259180.5,
67c1d6d98c8787be36609212,four_kind_adjacent_any,synthetic,259180.89999997616,
67c1d6d98c8787be36609212,four_kind_adjacent_any,synthetic,259181.29999995232,
67c1d6d98c8787be36609212,four_kind_adjacent_any,synthetic,259181.5,
67c1d6d98c8787be36609212,four_kind_adjacent_any,synthetic,259181.89999997616,
67c1d6d98c8787be36609212,four_kind_adjacent_any,synthetic,259182.20000004768,
67c1d6d98c8787be36609212,four_kind_adjacent_any,synthetic,259182.5,
67c1d6d98c8787be36609212,four_kind_adjacent_any,synthetic,259182.79999995232,
67c1d6d98c8787be36609212,four_kind_adjacent_any,synthetic,259183.20000004768,
67c1d6d98c8787be36609212,four_kind_adjacent_any,synthetic,259183.5,
67c1d6d98c8787be36609212,four_kind_adjacent_any,synthetic,259183.70000004768,
67c1d6d98c8787be36609212,four_kind_adjacent_any,synthetic,259184.10000002384,
67c1d6d98c8787be36609212,four_kind_adjacent_any,synthetic,259184.60000002384,
67c1d6d98c8787be36609212,four_kind_adjacent_any,synthetic,259184.89999997616,
67c1d6d98c8787be36609212,four_kind_adjacent_any,synthetic,259185.20000004768,
67c1d6d98c8787be36609212,four_kind_adjacent_any,synthetic,259185.5,
67c1d6d98c8787be36609212,four_kind_adjacent_any,synthetic,259185.89999997616,
67c1d6d98c8787be36609212,four_kind_adjacent_any,synthetic,259186.20000004768,
67c1d6d98c8787be36609212,four_kind_adjacent_any,synthetic,259186.39999997616,
67c1d6d98c8787be36609212,four_kind_adjacent_any,synthetic,259186.70000004768,
67c1d6d98c8787be36609212,four_kind_adjacent_any,synthetic,259187.10000002384,
67c1d6d98c8787be36609212,four_kind_adjacent_any,synthetic,259187.70000004768,
67c1d6d98c8787be36609212,four_kind_adjacent_any,synthetic,259188.29999995232,
67c1d6d98c8787be36609212,four_kind_adjacent_any,synthetic,259188.89999997616,
67c1d6d98c8787be36609212,four_kind_adjacent_any,synthetic,259189.39999997616,
67c1d6d98c8787be36609212,suit_chain_dsh,synthetic,293184.60000002384,
67c1d6d98c8787be36609212,suit_chain_dsh,synthetic,293185.2999999523,
67c1d6d98c8787be36609212,suit_chain_dsh,synthetic,293186.2000000477,
67c1d6d98c8787be36609212,suit_chain_dsh,synthetic,293187.10000002384,
67c1d6d98c8787be36609212,suit_chain_dsh,synthetic,293188.2000000477,
67c1d6d98c8787be36609212,suit_chain_dsh,synthetic,293189.2000000477,
67c1d6d98c8787be36609212,suit_chain_dsh,synthetic,293189.7999999523,
67c1d6d98c8787be36609212,suit_chain_dsh,synthetic,293190.2999999523,
67c1d6d98c8787be36609212,suit_chain_dsh,synthetic,293190.89999997616,
67c1d6d98c8787be36609212,suit_chain_dsh,synthetic,293191.39999997616,
67c1d6d98c8787be36609212,suit_chain_dsh,synthetic,293191.7999999523,
67c1d6d98c8787be36609212,suit_chain_dsh,synthetic,293192.2000000477,
67c1d6d98c8787be36609212,suit_chain_dsh,synthetic,293192.60000002384,
67c1d6d98c8787be36609212,suit_chain_dsh,synthetic,293193.10000002384,
67c1d6d98c8787be36609212,suit_chain_dsh,synthetic,293193.60000002384,
67c1d6d98c8787be36609212,suit_chain_dsh,synthetic,293194.10000002384,
67c1d6d98c8787be36609212,suit_chain_dsh,synthetic,293194.60000002384,
67c1d6d98c8787be36609212,suit_chain_dsh,synthetic,293195,
67c1d6d98c8787be36609212,suit_chain_dsh,synthetic,293195.60000002384,
67c1d6d98c8787be36609212,suit_chain_dsh,synthetic,293196.10000002384,
67c1d6d98c8787be36609212,suit_chain_dsh,synthetic,293196.7000000477,
67c1d6d98c8787be36609212,suit_chain_dsh,synthetic,293197.2999999523,
67c1d6d98c8787be36609212,suit_chain_dsh,synthetic,293197.7000000477,
67c1d6d98c8787be36609212,suit_chain_dsh,synthetic,293198.2999999523,
67c1d6d98c8787be36609212,suit_chain_dsh,synthetic,293198.7999999523,
67c1d6d98c8787be36609212,suit_chain_dsh,synthetic,293199.2000000477,
67c1d6d98c8787be36609212,suit_chain_dsh,synthetic,293199.60000002384,
67c1d6d98c8787be36609212,suit_chain_dsh,synthetic,293200.10000002384,
67c1d6d98c8787be36609212,suit_chain_dsh,synthetic,293200.60000002384,
67c1d6d98c8787be36609212,suit_chain_dsh,synthetic,293201,
67c1d6d98c8787be36609212,suit_chain_dsh,synthetic,293201.2999999523,
67c1d6d98c8787be36609212,suit_chain_dsh,synthetic,293201.7999999523,
67c1d6d98c8787be36609212,left_red_right_black,synthetic,332394,
67c1d6d98c8787be36609212,left_red_right_black,synthetic,332395,
67c1d6d98c8787be36609212,left_red_right_black,synthetic,332395.7000000477,
67c1d6d98c8787be36609212,left_red_right_black,synthetic,332396.2999999523,
67c1d6d98c8787be36609212,left_red_right_black,synthetic,332396.7999999523,
67c1d6d98c8787be36609212,left_red_right_black,synthetic,332397.2000000477,
67c1d6d98c8787be36609212,left_red_right_black,synthetic,332397.60000002384,
67c1d6d98c8787be36609212,left_red_right_black,synthetic,332398,
67c1d6d98c8787be36609212,left_red_right_black,synthetic,332398.2999999523,
67c1d6d98c8787be36609212,left_red_right_black,synthetic,332398.7999999523,
67c1d6d98c8787be36609212,left_red_right_black,synthetic,332399.2999999523,
67c1d6d98c8787be36609212,left_red_right_black,synthetic,332399.7000000477,
67c1d6d98c8787be36609212,left_red_right_black,synthetic,332400.2999999523,
67c1d6d98c8787be36609212,left_red_right_black,synthetic,332401.10000002384,
67c1d6d98c8787be36609212,left_red_right_black,synthetic,332401.7999999523,
67c1d6d98c8787be36609212,left_red_right_black,synthetic,332403,
67c1d6d98c8787be36609212,left_red_right_black,synthetic,332403.7000000477,
67c1d6d98c8787be36609212,left_red_right_black,synthetic,332404.2000000477,
67c1d6d98c8787be36609212,left_red_right_black,synthetic,332404.7999999523,
67c1d6d98c8787be36609212,left_red_right_black,synthetic,332405.2999999523,
67c1d6d98c8787be36609212,left_red_right_black,synthetic,332405.60000002384,
67c1d6d98c8787be36609212,left_red_right_black,synthetic,332405.89999997616,
67c1d6d98c8787be36609212,left_red_right_black,synthetic,332406.2000000477,
67c1d6d98c8787be36609212,left_red_right_black,synthetic,332406.60000002384,
67c1d6d98c8787be36609212,left_red_right_black,synthetic,332406.89999997616,
67c1d6d98c8787be36609212,left_red_right_black,synthetic,332407.10000002384,
67c1d6d98c8787be36609212,left_red_right_black,synthetic,332407.5,
67c1d6d98c8787be36609212,left_red_right_black,synthetic,332407.7999999523,
67c1d6d98c8787be36609212,left_red_right_black,synthetic,332408,
67c1d6d98c8787be36609212,left_red_right_black,synthetic,332408.2999999523,
67c1d6d98c8787be36609212,left_red_right_black,synthetic,332408.60000002384,
67c1d6d98c8787be36609212,left_red_right_black,synthetic,332408.89999997616,
67c1d6d98c8787be36609212,left_red_right_black,synthetic,332409.2000000477,
67c1d6d98c8787be36609212,left_red_right_black,synthetic,332409.5,
67c1d6d98c8787be36609212,left_red_right_black,synthetic,332409.89999997616,
67c1d6d98c8787be36609212,left_red_right_black,synthetic,332410.2000000477,
67c1d6d98c8787be36609212,left_red_right_black,synthetic,332410.39999997616,
67c1d6d98c8787be36609212,left_red_right_black,synthetic,332410.7999999523,
67c1d6d98c8787be36609212,left_red_right_black,synthetic,332411.10000002384,
67c1d6d98c8787be36609212,left_red_right_black,synthetic,332411.39999997616,
67c1d6d98c8787be36609212,left_red_right_black,synthetic,332411.7000000477,
67c1d6d98c8787be36609212,left_red_right_black,synthetic,332412,
67c1d6d98c8787be36609212,left_red_right_black,synthetic,332412.2999999523,
67c1d6d98c8787be36609212,left_red_right_black,synthetic,332412.7000000477,
67c1d6d98c8787be36609212,left_red_right_black,synthetic,332413,
67c1d6d98c8787be36609212,left_red_right_black,synthetic,332413.2999999523,
67c1d6d98c8787be36609212,left_red_right_black,synthetic,332413.60000002384,
67c1d6d98c8787be36609212,left_red_right_black,synthetic,332413.89999997616,
67c1d6d98c8787be36609212,left_red_right_black,synthetic,332414.2999999523,
67c1d6d98c8787be36609212,left_red_right_black,synthetic,332414.7000000477,
67c1d6d98c8787be36609212,left_red_right_black,synthetic,332415,
67c1d6d98c8787be36609212,left_red_right_black,synthetic,334251.39999997616,
67c1d6d98c8787be36609212,left_red_right_black,synthetic,334252.60000002384,
67c1d6d98c8787be36609212,left_red_right_black,synthetic,334253.2999999523,
67c1d6d98c8787be36609212,left_red_right_black,synthetic,334254.10000002384,
67c1d6d98c8787be36609212,left_red_right_black,synthetic,334254.89999997616,
67c1d6d98c8787be36609212,left_red_right_black,synthetic,334255.5,
67c1d6d98c8787be36609212,left_red_right_black,synthetic,334255.89999997616,
67c1d6d98c8787be36609212,left_red_right_black,synthetic,334256.2999999523,
67c1d6d98c8787be36609212,left_red_right_black,synthetic,334256.7000000477,
67c1d6d98c8787be36609212,left_red_right_black,synthetic,334257.39999997616,
67c1d6d98c8787be36609212,left_red_right_black,synthetic,334257.7999999523,
67c1d6d98c8787be36609212,both_halves_have_pair_rank,synthetic,371335.7999999523,
67c1d6d98c8787be36609212,both_halves_have_pair_rank,synthetic,371336.89999997616,
67c1d6d98c8787be36609212,both_halves_have_pair_rank,synthetic,371337.7000000477,
67c1d6d98c8787be36609212,both_halves_have_pair_rank,synthetic,371338.2999999523,
67c1d6d98c8787be36609212,both_halves_have_pair_rank,synthetic,371338.89999997616,
67c1d6d98c8787be36609212,both_halves_have_pair_rank,synthetic,371339.5,
67c1d6d98c8787be36609212,both_halves_have_pair_rank,synthetic,371339.89999997616,
67c1d6d98c8787be36609212,both_halves_have_pair_rank,synthetic,371340.39999997616,
67c1d6d98c8787be36609212,both_halves_have_pair_rank,synthetic,371340.7999999523,
67c1d6d98c8787be36609212,both_halves_have_pair_rank,synthetic,371341.2999999523,
67c1d6d98c8787be36609212,both_halves_have_pair_rank,synthetic,371341.7999999523,
67c1d6d98c8787be36609212,both_halves_have_pair_rank,synthetic,371342.2999999523,
67c1d6d98c8787be36609212,both_halves_have_pair_rank,synthetic,371342.7000000477,
67c1d6d98c8787be36609212,both_halves_have_pair_rank,synthetic,371343.2000000477,
67c1d6d98c8787be36609212,both_halves_have_pair_rank,synthetic,371343.7000000477,
67c1d6d98c8787be36609212,both_halves_have_pair_rank,synthetic,371344.10000002384,
67c1d6d98c8787be36609212,both_halves_have_pair_rank,synthetic,371344.7000000477,
67c1d6d98c8787be36609212,both_halves_have_pair_rank,synthetic,379949.60000002384,
67c1d6d98c8787be36609212,both_halves_have_pair_rank,synthetic,379950.60000002384,
67c1d6d98c8787be36609212,both_halves_have_pair_rank,synthetic,379951.60000002384,
67c1d6d98c8787be36609212,both_halves_have_pair_rank,synthetic,379952.39999997616,
67c1d6d98c8787be36609212,both_halves_have_pair_rank,synthetic,379952.7999999523,
67c1d6d98c8787be36609212,both_halves_have_pair_rank,synthetic,379953.2000000477,
67c1d6d98c8787be36609212,both_halves_have_pair_rank,synthetic,379953.39999997616,
67c1d6d98c8787be36609212,both_halves_have_pair_rank,synthetic,379953.7999999523,
67c1d6d98c8787be36609212,both_halves_have_pair_rank,synthetic,379954.10000002384,
67c1d6d98c8787be36609212,both_halves_have_pair_rank,synthetic,379954.39999997616,
67c1d6d98c8787be36609212,both_halves_have_pair_rank,synthetic,379954.7000000477,
67c1d6d98c8787be36609212,both_halves_have_pair_rank,synthetic,379955,
67c1d6d98c8787be36609212,both_halves_have_pair_rank,synthetic,379955.39999997616,
67c1d6d98c8787be36609212,both_halves_have_pair_rank,synthetic,379955.7000000477,
67c1d6d98c8787be36609212,both_halves_have_pair_rank,synthetic,379955.89999997616,
67c1d6d98c8787be36609212,both_halves_have_pair_rank,synthetic,379956.2999999523,
67c1d6d98c8787be36609212,both_halves_have_pair_rank,synthetic,379956.7999999523,
67c1d6d98c8787be36609212,both_halves_have_pair_rank,synthetic,379957.10000002384,
67c1d6d98c8787be36609212,both_halves_have_pair_rank,synthetic,379957.39999997616,
67c1d6d98c8787be36609212,both_halves_have_pair_rank,synthetic,379957.7000000477,
67c1d6d98c8787be36609212,both_halves_have_pair_rank,synthetic,379958,
67c1d6d98c8787be36609212,both_halves_have_pair_rank,synthetic,379958.2999999523,
67c1d6d98c8787be36609212,both_halves_have_pair_rank,synthetic,379958.60000002384,
67c1d6d98c8787be36609212,both_halves_have_pair_rank,synthetic,379958.7999999523,
67c1d6d98c8787be36609212,both_halves_have_pair_rank,synthetic,379959.2000000477,
67c1d6d98c8787be36609212,both_halves_have_pair_rank,synthetic,379959.60000002384,
67c1d6d98c8787be36609212,both_halves_have_pair_rank,synthetic,379960.10000002384,
67c1d6d98c8787be36609212,both_halves_have_pair_rank,synthetic,379960.5,
67c1d6d98c8787be36609212,both_halves_have_pair_rank,synthetic,379960.89999997616,
67c1d6d98c8787be36609212,both_halves_have_pair_rank,synthetic,379961.2999999523,
67c1d6d98c8787be36609212,both_halves_have_pair_rank,synthetic,379961.60000002384,
67c1d6d98c8787be36609212,both_halves_have_pair_rank,synthetic,379962,
67c1d6d98c8787be36609212,both_halves_have_pair_rank,synthetic,379962.5,
67c1d6d98c8787be36609212,both_halves_have_pair_rank,synthetic,379962.89999997616,
67c1d6d98c8787be36609212,both_halves_have_pair_rank,synthetic,379963.2000000477,
67c1d6d98c8787be36609212,both_halves_have_pair_rank,synthetic,379963.5,
67c1d6d98c8787be36609212,both_halves_have_pair_rank,synthetic,379963.7999999523,
67c1d6d98c8787be36609212,immediate_bracket_closure,synthetic,431537.39999997616,
67c1d6d98c8787be36609212,immediate_bracket_closure,synthetic,431538.2000000477,
67c1d6d98c8787be36609212,immediate_bracket_closure,synthetic,431538.7000000477,
67c1d6d98c8787be36609212,immediate_bracket_closure,synthetic,431539.2000000477,
67c1d6d98c8787be36609212,immediate_bracket_closure,synthetic,431539.60000002384,
67c1d6d98c8787be36609212,immediate_bracket_closure,synthetic,431540,
67c1d6d98c8787be36609212,immediate_bracket_closure,synthetic,431540.39999997616,
67c1d6d98c8787be36609212,immediate_bracket_closure,synthetic,431540.7999999523,
67c1d6d98c8787be36609212,immediate_bracket_closure,synthetic,431541.2000000477,
67c1d6d98c8787be36609212,immediate_bracket_closure,synthetic,431541.5,
67c1d6d98c8787be36609212,immediate_bracket_closure,synthetic,431541.89999997616,
67c1d6d98c8787be36609212,immediate_bracket_closure,synthetic,431542.2000000477,
67c1d6d98c8787be36609212,immediate_bracket_closure,synthetic,431542.60000002384,
67c1d6d98c8787be36609212,immediate_bracket_closure,synthetic,435724.10000002384,
67c1d6d98c8787be36609212,immediate_bracket_closure,synthetic,435725.2000000477,
67c1d6d98c8787be36609212,immediate_bracket_closure,synthetic,435725.7000000477,
67c1d6d98c8787be36609212,immediate_bracket_closure,synthetic,435726.2000000477,
67c1d6d98c8787be36609212,immediate_bracket_closure,synthetic,435726.7000000477,
67c1d6d98c8787be36609212,immediate_bracket_closure,synthetic,445023.89999997616,
67c1d6d98c8787be36609212,immediate_bracket_closure,synthetic,445025.2999999523,
67c1d6d98c8787be36609212,immediate_bracket_closure,synthetic,445025.89999997616,
67c1d6d98c8787be36609212,immediate_bracket_closure,synthetic,445026.2000000477,
67c1d6d98c8787be36609212,immediate_bracket_closure,synthetic,445026.7000000477,
67c1d6d98c8787be36609212,immediate_bracket_closure,synthetic,445027.10000002384,
67c1d6d98c8787be36609212,immediate_bracket_closure,synthetic,445027.5,
67c1d6d98c8787be36609212,immediate_bracket_closure,synthetic,445028.2000000477,
67c1d6d98c8787be36609212,immediate_bracket_closure,synthetic,445028.7999999523,
67c1d6d98c8787be36609212,immediate_bracket_closure,synthetic,445029.2000000477,
67c1d6d98c8787be36609212,immediate_bracket_closure,synthetic,445030,
67c1d6d98c8787be36609212,straight5,synthetic,468973.10000002384,
67c1d6d98c8787be36609212,straight5,synthetic,468974.10000002384,
67c1d6d98c8787be36609212,straight5,synthetic,468975,
67c1d6d98c8787be36609212,straight5,synthetic,468975.5,
67c1d6d98c8787be36609212,straight5,synthetic,468975.89999997616,
67c1d6d98c8787be36609212,straight5,synthetic,468976.60000002384,
67c1d6d98c8787be36609212,straight5,synthetic,468977.2000000477,
67c1d6d98c8787be36609212,straight5,synthetic,468977.89999997616,
67c1d6d98c8787be36609212,straight5,synthetic,468978.5,
67c1d6d98c8787be36609212,straight5,synthetic,468978.89999997616,
67c1d6d98c8787be36609212,straight5,synthetic,468979.2999999523,
67c1d6d98c8787be36609212,straight5,synthetic,468979.60000002384,
67c1d6d98c8787be36609212,straight5,synthetic,468980.10000002384,
67c1d6d98c8787be36609212,straight5,synthetic,468980.2999999523,
67c1d6d98c8787be36609212,straight5,synthetic,471637.89999997616,
67c1d6d98c8787be36609212,straight5,synthetic,471638.89999997616,
67c1d6d98c8787be36609212,straight5,synthetic,471639.89999997616,
67c1d6d98c8787be36609212,straight5,synthetic,471640.7000000477,
67c1d6d98c8787be36609212,straight5,synthetic,471641.39999997616,
67c1d6d98c8787be36609212,straight5,synthetic,471641.89999997616,
67c1d6d98c8787be36609212,straight5,synthetic,471642.39999997616,
67c1d6d98c8787be36609212,straight5,synthetic,471643.2999999523,
67c1d6d98c8787be36609212,straight5,synthetic,471644.10000002384,
67c1d6d98c8787be36609212,straight5,synthetic,471645.2999999523,
67c1d6d98c8787be36609212,straight5,synthetic,471646.10000002384,
67c1d6d98c8787be36609212,straight5,synthetic,471646.7000000477,
67c1d6d98c8787be36609212,straight5,synthetic,471647.10000002384,
67c1d6d98c8787be36609212,straight5,synthetic,471647.5,
67c1d6d98c8787be36609212,straight5,synthetic,471647.7000000477,
67c1d6d98c8787be36609212,straight5,synthetic,471648.10000002384,
67c1d6d98c8787be36609212,straight5,synthetic,471648.39999997616,
67c1d6d98c8787be36609212,straight5,synthetic,471648.60000002384,
67c1d6d98c8787be36609212,straight5,synthetic,471648.89999997616,
67c1d6d98c8787be36609212,straight5,synthetic,471649.2000000477,
67c1d6d98c8787be36609212,straight5,synthetic,471649.5,
67c1d6d98c8787be36609212,straight5,synthetic,471649.89999997616,
67c1d6d98c8787be36609212,all_clubs_or_hearts,synthetic,485328.39999997616,
67c1d6d98c8787be36609212,all_clubs_or_hearts,synthetic,485329.39999997616,
67c1d6d98c8787be36609212,all_clubs_or_hearts,synthetic,485330.10000002384,
67c1d6d98c8787be36609212,all_clubs_or_hearts,synthetic,485331,
67c1d6d98c8787be36609212,all_clubs_or_hearts,synthetic,485331.7999999523,
67c1d6d98c8787be36609212,all_clubs_or_hearts,synthetic,485332.60000002384,
67c1d6d98c8787be36609212,all_clubs_or_hearts,synthetic,485333.2000000477,
67c1d6d98c8787be36609212,all_clubs_or_hearts,synthetic,485333.89999997616,
67c1d6d98c8787be36609212,all_clubs_or_hearts,synthetic,485334.60000002384,
67c1d6d98c8787be36609212,all_clubs_or_hearts,synthetic,485335.2000000477,
67c1d6d98c8787be36609212,all_clubs_or_hearts,synthetic,485335.7999999523,
67c1d6d98c8787be36609212,all_clubs_or_hearts,synthetic,485336.5,
67c1d6d98c8787be36609212,all_clubs_or_hearts,synthetic,485337.2000000477,
67c1d6d98c8787be36609212,all_clubs_or_hearts,synthetic,485337.7999999523,
67c1d6d98c8787be36609212,all_clubs_or_hearts,synthetic,486936.60000002384,
67c1d6d98c8787be36609212,all_clubs_or_hearts,synthetic,486937.5,
67c1d6d98c8787be36609212,all_clubs_or_hearts,synthetic,486938.10000002384,
67c1d6d98c8787be36609212,all_clubs_or_hearts,synthetic,486938.7000000477,
67c1d6d98c8787be36609212,all_clubs_or_hearts,synthetic,486939,
67c1d6d98c8787be36609212,all_clubs_or_hearts,synthetic,486939.2999999523,
67c1d6d98c8787be36609212,all_clubs_or_hearts,synthetic,486939.60000002384,
67c1d6d98c8787be36609212,all_clubs_or_hearts,synthetic,486940,
67c1d6d98c8787be36609212,all_clubs_or_hearts,synthetic,486940.2999999523,
67c1d6d98c8787be36609212,all_clubs_or_hearts,synthetic,486940.5,
67c1d6d98c8787be36609212,all_clubs_or_hearts,synthetic,486940.7999999523,
67c1d6d98c8787be36609212,all_clubs_or_hearts,synthetic,486941.2000000477,
67c1d6d98c8787be36609212,halves_copy_ranks,synthetic,504459.5,
67c1d6d98c8787be36609212,halves_copy_ranks,synthetic,504460.5,
67c1d6d98c8787be36609212,halves_copy_ranks,synthetic,504461.2999999523,
67c1d6d98c8787be36609212,halves_copy_ranks,synthetic,504461.7000000477,
67c1d6d98c8787be36609212,halves_copy_ranks,synthetic,504462.10000002384,
67c1d6d98c8787be36609212,halves_copy_ranks,synthetic,504462.39999997616,
67c1d6d98c8787be36609212,halves_copy_ranks,synthetic,504462.7000000477,
67c1d6d98c8787be36609212,halves_copy_ranks,synthetic,504463,
67c1d6d98c8787be36609212,halves_copy_ranks,synthetic,504463.2999999523,
67c1d6d98c8787be36609212,halves_copy_ranks,synthetic,504463.60000002384,
67c1d6d98c8787be36609212,halves_copy_ranks,synthetic,504463.89999997616,
67c1d6d98c8787be36609212,halves_copy_ranks,synthetic,504464.2999999523,
67c1d6d98c8787be36609212,halves_copy_ranks,synthetic,504464.7000000477,
67c1d6d98c8787be36609212,halves_copy_ranks,synthetic,504465,
67c1d6d98c8787be36609212,halves_copy_ranks,synthetic,504465.39999997616,
67c1d6d98c8787be36609212,halves_copy_ranks,synthetic,504465.7999999523,
67c1d6d98c8787be36609212,halves_copy_ranks,synthetic,504466.10000002384,
67c1d6d98c8787be36609212,halves_copy_ranks,synthetic,504466.5,
67c1d6d98c8787be36609212,halves_copy_ranks,synthetic,504466.7999999523,
67c1d6d98c8787be36609212,halves_copy_ranks,synthetic,504467.2999999523,
67c1d6d98c8787be36609212,halves_copy_ranks,synthetic,504467.60000002384,
67c1d6d98c8787be36609212,halves_copy_ranks,synthetic,504468,
67c1d6d98c8787be36609212,halves_copy_ranks,synthetic,504468.2999999523,
67c1d6d98c8787be36609212,halves_copy_ranks,synthetic,504468.60000002384,
67c1d6d98c8787be36609212,halves_copy_ranks,synthetic,504469,
67c1d6d98c8787be36609212,halves_copy_ranks,synthetic,504469.2999999523,
67c1d6d98c8787be36609212,halves_copy_ranks,synthetic,504469.7000000477,
67c1d6d98c8787be36609212,halves_copy_ranks,synthetic,504470,
67c1d6d98c8787be36609212,halves_copy_ranks,synthetic,504470.2000000477,
67c1d6d98c8787be36609212,halves_copy_ranks,synthetic,504470.5,
67c1d6d98c8787be36609212,halves_copy_ranks,synthetic,504470.7999999523,
67c1d6d98c8787be36609212,halves_copy_ranks,synthetic,504471.10000002384,
67c1d6d98c8787be36609212,halves_copy_ranks,synthetic,504471.39999997616,
67c1d6d98c8787be36609212,pos135_same_rank,synthetic,515750.10000002384,
67c1d6d98c8787be36609212,pos135_same_rank,synthetic,515750.7999999523,
67c1d6d98c8787be36609212,pos135_same_rank,synthetic,515751.60000002384,
67c1d6d98c8787be36609212,pos135_same_rank,synthetic,515752.2000000477,
67c1d6d98c8787be36609212,pos135_same_rank,synthetic,515752.60000002384,
67c1d6d98c8787be36609212,pos135_same_rank,synthetic,515752.89999997616,
67c1d6d98c8787be36609212,pos135_same_rank,synthetic,515753.2999999523,
67c1d6d98c8787be36609212,pos135_same_rank,synthetic,515753.60000002384,
67c1d6d98c8787be36609212,pos135_same_rank,synthetic,515753.89999997616,
67c1d6d98c8787be36609212,pos135_same_rank,synthetic,515754.2000000477,
67c1d6d98c8787be36609212,pos135_same_rank,synthetic,515754.7000000477,
67c1d6d98c8787be36609212,pos135_same_rank,synthetic,515755.10000002384,
67c1d6d98c8787be36609212,pos135_same_rank,synthetic,515755.39999997616,
67c1d6d98c8787be36609212,pos135_same_rank,synthetic,515755.7999999523,
67c1d6d98c8787be36609212,pos135_same_rank,synthetic,515756.10000002384,
67c1d6d98c8787be36609212,pos135_same_rank,synthetic,515756.5,
67c1d6d98c8787be36609212,pos135_same_rank,synthetic,515756.7999999523,
67c1d6d98c8787be36609212,pos135_same_rank,synthetic,515757.60000002384,
67c1d6d98c8787be36609212,pos135_same_rank,synthetic,515757.89999997616,
67c1d6d98c8787be36609212,pos135_same_rank,synthetic,515758.2999999523,
67c1d6d98c8787be36609212,pos135_same_rank,synthetic,515759,
67c1d6d98c8787be36609212,pos135_same_rank,synthetic,515759.60000002384,
67c1d6d98c8787be36609212,pos135_same_rank,synthetic,515760,
67c1d6d98c8787be36609212,pos135_same_rank,synthetic,515760.2999999523,
67c1d6d98c8787be36609212,pos135_same_rank,synthetic,515760.7000000477,
67c1d6d98c8787be36609212,pos135_same_rank,synthetic,515761,
67c1d6d98c8787be36609212,pos135_same_rank,synthetic,515761.2999999523,
67c1d6d98c8787be36609212,pos135_same_rank,synthetic,515761.60000002384,
67c1d6d98c8787be36609212,pos135_same_rank,synthetic,515761.89999997616,
67c1d6d98c8787be36609212,pos135_same_rank,synthetic,515762.2000000477,
67c1d6d98c8787be36609212,pos135_same_rank,synthetic,515762.5,
67c1d6d98c8787be36609212,pos135_same_rank,synthetic,515762.7999999523,
67c1d6d98c8787be36609212,pos135_same_rank,synthetic,515763.10000002384,
67c1d6d98c8787be36609212,pos135_same_rank,synthetic,515763.39999997616,
67c1d6d98c8787be36609212,pos135_same_rank,synthetic,515763.7999999523,
67c1d6d98c8787be36609212,pos135_same_rank,synthetic,515764.10000002384,
67c1d6d98c8787be36609212,pos135_same_rank,synthetic,515764.5,
67c1d6d98c8787be36609212,pos135_same_rank,synthetic,515764.7999999523,
67c1d6d98c8787be36609212,pos135_same_rank,synthetic,515765.10000002384,
67c1d6d98c8787be36609212,both_halves_uniform_color,synthetic,548109.6000000238,
67c1d6d98c8787be36609212,both_halves_uniform_color,synthetic,548110.3999999762,
67c1d6d98c8787be36609212,both_halves_uniform_color,synthetic,548111,
67c1d6d98c8787be36609212,both_halves_uniform_color,synthetic,548111.5,
67c1d6d98c8787be36609212,both_halves_uniform_color,synthetic,548111.7000000477,
67c1d6d98c8787be36609212,both_halves_uniform_color,synthetic,548112.1000000238,
67c1d6d98c8787be36609212,both_halves_uniform_color,synthetic,548112.3999999762,
67c1d6d98c8787be36609212,both_halves_uniform_color,synthetic,548112.7000000477,
67c1d6d98c8787be36609212,both_halves_uniform_color,synthetic,548113,
67c1d6d98c8787be36609212,both_halves_uniform_color,synthetic,548113.2999999523,
67c1d6d98c8787be36609212,both_halves_uniform_color,synthetic,548113.6000000238,
67c1d6d98c8787be36609212,both_halves_uniform_color,synthetic,548113.7999999523,
67c1d6d98c8787be36609212,both_halves_uniform_color,synthetic,548114.2999999523,
67c1d6d98c8787be36609212,blacks_then_reds_start_black,synthetic,577247,
67c1d6d98c8787be36609212,blacks_then_reds_start_black,synthetic,577247.8999999762,
67c1d6d98c8787be36609212,blacks_then_reds_start_black,synthetic,577248.5,
67c1d6d98c8787be36609212,blacks_then_reds_start_black,synthetic,577249.2000000477,
67c1d6d98c8787be36609212,blacks_then_reds_start_black,synthetic,577249.8999999762,
67c1d6d98c8787be36609212,blacks_then_reds_start_black,synthetic,577250.5,
67c1d6d98c8787be36609212,blacks_then_reds_start_black,synthetic,577250.7999999523,
67c1d6d98c8787be36609212,blacks_then_reds_start_black,synthetic,577251.2000000477,
67c1d6d98c8787be36609212,blacks_then_reds_start_black,synthetic,577251.6000000238,
67c1d6d98c8787be36609212,blacks_then_reds_start_black,synthetic,577251.7999999523,
67c1d6d98c8787be36609212,blacks_then_reds_start_black,synthetic,577252.2000000477,
67c1d6d98c8787be36609212,blacks_then_reds_start_black,synthetic,577252.5,
67c1d6d98c8787be36609212,blacks_then_reds_start_black,synthetic,577252.7999999523,
67c1d6d98c8787be36609212,blacks_then_reds_start_black,synthetic,577253.1000000238,
67c1d6d98c8787be36609212,blacks_then_reds_start_black,synthetic,577253.6000000238,
67c1d6d98c8787be36609212,blacks_then_reds_start_black,synthetic,577254.2999999523,
67c1d6d98c8787be36609212,blacks_then_reds_start_black,synthetic,577254.8999999762,
67c1d6d98c8787be36609212,blacks_then_reds_start_black,synthetic,577255.5,
67c1d6d98c8787be36609212,blacks_then_reds_start_black,synthetic,577256.2000000477,
67c1d6d98c8787be36609212,blacks_then_reds_start_black,synthetic,577256.8999999762,
67c1d6d98c8787be36609212,blacks_then_reds_start_black,synthetic,577257.2999999523,
67c1d6d98c8787be36609212,blacks_then_reds_start_black,synthetic,577257.7000000477,
67c1d6d98c8787be36609212,blacks_then_reds_start_black,synthetic,577257.8999999762,
67c1d6d98c8787be36609212,blacks_then_reds_start_black,synthetic,577258.3999999762,
67c1d6d98c8787be36609212,blacks_then_reds_start_black,synthetic,577258.7999999523,
67c1d6d98c8787be36609212,blacks_then_reds_start_black,synthetic,577259.2999999523,
67c1d6d98c8787be36609212,blacks_then_reds_start_black,synthetic,577259.7000000477,
67c1d6d98c8787be36609212,blacks_then_reds_start_black,synthetic,577260,
67c1d6d98c8787be36609212,blacks_then_reds_start_black,synthetic,577260.2999999523,
67c1d6d98c8787be36609212,blacks_then_reds_start_black,synthetic,577260.6000000238,
67c1d6d98c8787be36609212,blacks_then_reds_start_black,synthetic,577260.8999999762,
67c1d6d98c8787be36609212,blacks_then_reds_start_black,synthetic,577261.2000000477,
67c1d6d98c8787be36609212,blacks_then_reds_start_black,synthetic,577261.5,
67c1d6d98c8787be36609212,blacks_then_reds_start_black,synthetic,577261.7999999523,
67c1d6d98c8787be36609212,blacks_then_reds_start_black,synthetic,577262,
67c1d6d98c8787be36609212,blacks_then_reds_start_black,synthetic,577262.3999999762,
67c1d6d98c8787be36609212,blacks_then_reds_start_black,synthetic,577262.7000000477,
67c1d6d98c8787be36609212,blacks_then_reds_start_black,synthetic,577263,
67c1d6d98c8787be36609212,blacks_then_reds_start_black,synthetic,577263.3999999762,
67c1d6d98c8787be36609212,blacks_then_reds_start_black,synthetic,577263.6000000238,
67c1d6d98c8787be36609212,blacks_then_reds_start_black,synthetic,577263.8999999762,
67c1d6d98c8787be36609212,blacks_then_reds_start_black,synthetic,577264.2999999523,
67c1d6d98c8787be36609212,blacks_then_reds_start_black,synthetic,577264.7999999523,
67c1d6d98c8787be36609212,blacks_then_reds_start_black,synthetic,577265.2000000477,
67c1d6d98c8787be36609212,blacks_then_reds_start_black,synthetic,577265.6000000238,
67c1d6d98c8787be36609212,blacks_then_reds_start_black,synthetic,577265.8999999762,
67c1d6d98c8787be36609212,skip2_same_rank_or_suit,synthetic,607608.2999999523,
67c1d6d98c8787be36609212,skip2_same_rank_or_suit,synthetic,607609,
67c1d6d98c8787be36609212,skip2_same_rank_or_suit,synthetic,607609.5,
67c1d6d98c8787be36609212,skip2_same_rank_or_suit,synthetic,607610.1000000238,
67c1d6d98c8787be36609212,skip2_same_rank_or_suit,synthetic,607610.6000000238,
67c1d6d98c8787be36609212,skip2_same_rank_or_suit,synthetic,607611,
67c1d6d98c8787be36609212,skip2_same_rank_or_suit,synthetic,607611.2999999523,
67c1d6d98c8787be36609212,skip2_same_rank_or_suit,synthetic,607611.7000000477,
67c1d6d98c8787be36609212,skip2_same_rank_or_suit,synthetic,607612,
67c1d6d98c8787be36609212,skip2_same_rank_or_suit,synthetic,607612.2999999523,
67c1d6d98c8787be36609212,skip2_same_rank_or_suit,synthetic,607612.6000000238,
67c1d6d98c8787be36609212,skip2_same_rank_or_suit,synthetic,607613,
67c1d6d98c8787be36609212,skip2_same_rank_or_suit,synthetic,607613.2999999523,
67c1d6d98c8787be36609212,skip2_same_rank_or_suit,synthetic,607613.6000000238,
67c1d6d98c8787be36609212,skip2_same_rank_or_suit,synthetic,607614,
67c1d6d98c8787be36609212,skip2_same_rank_or_suit,synthetic,607614.3999999762,
67c1d6d98c8787be36609212,skip2_same_rank_or_suit,synthetic,607615,
67c1d6d98c8787be36609212,skip2_same_rank_or_suit,synthetic,607615.5,
67c1d6d98c8787be36609212,skip2_same_rank_or_suit,synthetic,607616.2000000477,
67c1d6d98c8787be36609212,skip2_same_rank_or_suit,synthetic,607616.7000000477,
67c1d6d98c8787be36609212,skip2_same_rank_or_suit,synthetic,607617.2000000477,
67c1d6d98c8787be36609212,skip2_same_rank_or_suit,synthetic,607617.7999999523,
67c1d6d98c8787be36609212,skip2_same_rank_or_suit,synthetic,607618.3999999762,
67c1d6d98c8787be36609212,skip2_same_rank_or_suit,synthetic,607619.3999999762,
67c1d6d98c8787be36609212,skip2_same_rank_or_suit,synthetic,607620.1000000238,
67c1d6d98c8787be36609212,skip2_same_rank_or_suit,synthetic,607620.8999999762,
67c1d6d98c8787be36609212,skip2_same_rank_or_suit,synthetic,607621.3999999762,
67c1d6d98c8787be36609212,skip2_same_rank_or_suit,synthetic,607621.7999999523,
67c1d6d98c8787be36609212,skip2_same_rank_or_suit,synthetic,607622.2000000477,
67c1d6d98c8787be36609212,skip2_same_rank_or_suit,synthetic,607622.6000000238,
67c1d6d98c8787be36609212,skip2_same_rank_or_suit,synthetic,607622.7999999523,
67c1d6d98c8787be36609212,skip2_same_rank_or_suit,synthetic,607623.1000000238,
67c1d6d98c8787be36609212,skip2_same_rank_or_suit,synthetic,607623.5,
67c1d6d98c8787be36609212,skip2_same_rank_or_suit,synthetic,607623.7999999523,
67c1d6d98c8787be36609212,four_any_suit_adjacent,synthetic,616764.8999999762,
67c1d6d98c8787be36609212,four_any_suit_adjacent,synthetic,616765.7000000477,
67c1d6d98c8787be36609212,four_any_suit_adjacent,synthetic,616766.1000000238,
67c1d6d98c8787be36609212,four_any_suit_adjacent,synthetic,616766.7999999523,
67c1d6d98c8787be36609212,four_any_suit_adjacent,synthetic,616767.2000000477,
67c1d6d98c8787be36609212,four_any_suit_adjacent,synthetic,616767.6000000238,
67c1d6d98c8787be36609212,four_any_suit_adjacent,synthetic,616767.8999999762,
67c1d6d98c8787be36609212,four_any_suit_adjacent,synthetic,616768.6000000238,
67c1d6d98c8787be36609212,four_any_suit_adjacent,synthetic,616769.2999999523,
67c1d6d98c8787be36609212,four_any_suit_adjacent,synthetic,616770,
67c1d6d98c8787be36609212,four_any_suit_adjacent,synthetic,616770.7000000477,
67c1d6d98c8787be36609212,four_any_suit_adjacent,synthetic,616771.5,
67c1d6d98c8787be36609212,four_any_suit_adjacent,synthetic,616772,
67c1d6d98c8787be36609212,four_any_suit_adjacent,synthetic,616772.5,
67c1d6d98c8787be36609212,four_any_suit_adjacent,synthetic,616772.8999999762,
67c1d6d98c8787be36609212,four_any_suit_adjacent,synthetic,616773.2000000477,
67c1d6d98c8787be36609212,four_any_suit_adjacent,synthetic,616773.5,
67c1d6d98c8787be36609212,four_any_suit_adjacent,synthetic,616773.7999999523,
67c1d6d98c8787be36609212,four_any_suit_adjacent,synthetic,616774.1000000238,
67c1d6d98c8787be36609212,four_any_suit_adjacent,synthetic,616774.5,
67c1d6d98c8787be36609212,four_any_suit_adjacent,synthetic,616774.8999999762,
67c1d6d98c8787be36609212,four_any_suit_adjacent,synthetic,616775.3999999762,
67c1d6d98c8787be36609212,four_any_suit_adjacent,synthetic,616775.7999999523,
67c1d6d98c8787be36609212,four_any_suit_adjacent,synthetic,616776.1000000238,
67c1d6d98c8787be36609212,four_any_suit_adjacent,synthetic,616776.2999999523,
67c1d6d98c8787be36609212,four_any_suit_adjacent,synthetic,616776.7000000477,
67c1d6d98c8787be36609212,four_any_suit_adjacent,synthetic,616777.1000000238,
67c1d6d98c8787be36609212,four_any_suit_adjacent,synthetic,616777.3999999762,
67c1d6d98c8787be36609212,four_any_suit_adjacent,synthetic,616777.7000000477,
67c1d6d98c8787be36609212,four_any_suit_adjacent,synthetic,616778,
67c1d6d98c8787be36609212,four_any_suit_adjacent,synthetic,616778.3999999762,
67c1d6d98c8787be36609212,four_any_suit_adjacent,synthetic,616778.7000000477,
67c1d6d98c8787be36609212,four_any_suit_adjacent,synthetic,616779.1000000238,
67c1d6d98c8787be36609212,four_any_suit_adjacent,synthetic,616779.3999999762,
67c1d6d98c8787be36609212,four_any_suit_adjacent,synthetic,616779.7999999523,
67c1d6d98c8787be36609212,four_any_suit_adjacent,synthetic,616780.1000000238,
67c1d6d98c8787be36609212,four_any_suit_adjacent,synthetic,616780.3999999762,
67c1d6d98c8787be36609212,four_any_suit_adjacent,synthetic,616780.7000000477,
67c1d6d98c8787be36609212,four_any_suit_adjacent,synthetic,616781,
67c1d6d98c8787be36609212,four_any_suit_adjacent,synthetic,616781.2999999523,
67c1d6d98c8787be36609212,four_any_suit_adjacent,synthetic,616781.6000000238,
67c1d6d98c8787be36609212,ap_len3_step1_anywhere,synthetic,646019.7999999523,
67c1d6d98c8787be36609212,ap_len3_step1_anywhere,synthetic,646020.3999999762,
67c1d6d98c8787be36609212,ap_len3_step1_anywhere,synthetic,646020.8999999762,
67c1d6d98c8787be36609212,ap_len3_step1_anywhere,synthetic,646021.2999999523,
67c1d6d98c8787be36609212,ap_len3_step1_anywhere,synthetic,646021.7000000477,
67c1d6d98c8787be36609212,ap_len3_step1_anywhere,synthetic,646021.8999999762,
67c1d6d98c8787be36609212,ap_len3_step1_anywhere,synthetic,646022.2999999523,
67c1d6d98c8787be36609212,ap_len3_step1_anywhere,synthetic,646022.6000000238,
67c1d6d98c8787be36609212,ap_len3_step1_anywhere,synthetic,646022.8999999762,
67c1d6d98c8787be36609212,ap_len3_step1_anywhere,synthetic,646023.2000000477,
67c1d6d98c8787be36609212,ap_len3_step1_anywhere,synthetic,646023.5,
67c1d6d98c8787be36609212,ap_len3_step1_anywhere,synthetic,646023.7000000477,
67c1d6d98c8787be36609212,ap_len3_step1_anywhere,synthetic,646024,
67c1d6d98c8787be36609212,ap_len3_step1_anywhere,synthetic,646024.3999999762,
67c1d6d98c8787be36609212,ap_len3_step1_anywhere,synthetic,646024.8999999762,
67c1d6d98c8787be36609212,ap_len3_step1_anywhere,synthetic,646025.2000000477,
67c1d6d98c8787be36609212,ap_len3_step1_anywhere,synthetic,646025.7000000477,
67c1d6d98c8787be36609212,ap_len3_step1_anywhere,synthetic,646026.1000000238,
67c1d6d98c8787be36609212,ap_len3_step1_anywhere,synthetic,646026.3999999762,
67c1d6d98c8787be36609212,ap_len3_step1_anywhere,synthetic,646026.8999999762,
67c1d6d98c8787be36609212,ap_len3_step1_anywhere,synthetic,646027.2000000477,
67c1d6d98c8787be36609212,ap_len3_step1_anywhere,synthetic,646027.5,
67c1d6d98c8787be36609212,ap_len3_step1_anywhere,synthetic,646027.7999999523,
67c1d6d98c8787be36609212,ap_len3_step1_anywhere,synthetic,646028.2999999523,
67c1d6d98c8787be36609212,ap_len3_step1_anywhere,synthetic,646028.6000000238,
67c1d6d98c8787be36609212,ap_len3_step1_anywhere,synthetic,646028.8999999762,
67c1d6d98c8787be36609212,ap_len3_step1_anywhere,synthetic,646029.2999999523,
67c1d6d98c8787be36609212,ap_len3_step1_anywhere,synthetic,646029.6000000238,
67c1d6d98c8787be36609212,ap_len3_step1_anywhere,synthetic,646030,
67c1d6d98c8787be36609212,ap_len3_step1_anywhere,synthetic,646030.3999999762,
67c1d6d98c8787be36609212,ap_len3_step1_anywhere,synthetic,646030.7000000477,
67c1d6d98c8787be36609212,ap_len3_step1_anywhere,synthetic,646031.2999999523,
67c1d6d98c8787be36609212,ap_len3_step1_anywhere,synthetic,646031.7999999523,
67c1d6d98c8787be36609212,ap_len3_step1_anywhere,synthetic,646032.2000000477,
67c1d6d98c8787be36609212,ap_len3_step1_anywhere,synthetic,646032.5,
67c1d6d98c8787be36609212,ap_len3_step1_anywhere,synthetic,647602.3999999762,
67c1d6d98c8787be36609212,ap_len3_step1_anywhere,synthetic,647603.3999999762,
67c1d6d98c8787be36609212,ap_len3_step1_anywhere,synthetic,647604.2000000477,
67c1d6d98c8787be36609212,ap_len3_step1_anywhere,synthetic,647604.7000000477,
67c1d6d98c8787be36609212,ap_len3_step1_anywhere,synthetic,647605.2999999523,
69695461bdac36c31832f4a5,triple_2s_pos234,synthetic,418455.10000002384,
69695461bdac36c31832f4a5,three_any_suit_adjacent,synthetic,622975.8999999762,
69695461bdac36c31832f4a5,three_or_more_same_suit,synthetic,699344.3999999762,
69695461bdac36c31832f4a5,triple_any_adjacent,synthetic,1283666.1000000238,
696a9773a84c5f9d4a930874,left_red_right_black,paste,431009.5,The first three cards are red and the last three cards are black.
696a9773a84c5f9d4a930874,four_kind_adjacent_any,paste,513851,Each hand contains four cards of the same rank.
696a9773a84c5f9d4a930874,pos135_same_rank,paste,559656.1999999955,Each hand has exactly 3 red cards and 3 black cards.
696a9773a84c5f9d4a930874,all_clubs_or_hearts,paste,588666.1999999955,Each hand contains exactly one pair.
696a9773a84c5f9d4a930874,halves_copy_ranks,paste,646637.1999999955,Each hand contains three pairs (three sets of matching ranks).
696a9773a84c5f9d4a930874,four_any_suit_adjacent,paste,690807,Each hand has at least four cards of the same suit.
696a9773a84c5f9d4a930874,blacks_then_reds_start_black,paste,724985.5,Each hand has at least four cards of the same color.
696a9773a84c5f9d4a930874,all_same_suit,paste,752720.799999997,All cards in each hand are of the same suit.
696a9773a84c5f9d4a930874,suit_chain_dsh,paste,805086.5,Each hand has at least three cards of the same suit.
696a9773a84c5f9d4a930874,skip2_same_rank_or_suit,paste,905678.3999999985,Each hand contains a different number of red cards.
696a9773a84c5f9d4a930874,both_halves_have_pair_rank,paste,936857.6000000015,Each hand contains exactly two pairs.
696a9773a84c5f9d4a930874,ap_len3_step1_anywhere,paste,992557.299999997,Each hand contains more red cards than black cards.
696a9773a84c5f9d4a930874,straight5,paste,1083435.799999997,Each hand contains at least one red card and one black card.
696a9773a84c5f9d4a930874,both_halves_uniform_color,paste,1171792.8999999985,The cards in each hand are grouped by color (all black cards together and all red cards together).
696a9773a84c5f9d4a930874,immediate_bracket_closure,paste,1221473.5,Each hand contains mostly red cards.
697ed59824964096e537d7d3,four_kind_adjacent_any,copy,261360.5,
697ed59824964096e537d7d3,all_clubs_or_hearts,copy,308330.10000002384,
697ed59824964096e537d7d3,four_any_suit_adjacent,copy,340594.89999997616,
697ed59824964096e537d7d3,halves_copy_ranks,copy,397024,
697ed59824964096e537d7d3,blacks_then_reds_start_black,copy,435811.8000000715,
697ed59824964096e537d7d3,both_halves_have_pair_rank,copy,607699.3999999762,
697ed59824964096e537d7d3,ap_len3_step1_anywhere,copy,645257.8000000715,
697ed59824964096e537d7d3,skip2_same_rank_or_suit,copy,662055.8000000715,
697ed59824964096e537d7d3,all_same_suit,copy,719756.7000000477,
697ed59824964096e537d7d3,suit_chain_dsh,copy,775648.1000000238,
697ed59824964096e537d7d3,straight5,copy,858294.7000000477,
697ed59824964096e537d7d3,straight5,copy,859606,
697ed59824964096e537d7d3,straight5,copy,895068.7000000477,
697ed59824964096e537d7d3,pos135_same_rank,copy,932471.1000000238,
697ed59824964096e537d7d3,left_red_right_black,copy,1022664.3999999762,
697ed59824964096e537d7d3,both_halves_uniform_color,copy,1147460.1000000238,
698639d278e0d8c2d7d4d26e,ap_step1_len3_adj,synthetic,916605.7000000477,
698639d278e0d8c2d7d4d26e,suit_brackets_nested,synthetic,1370243.8999999762,
698639d278e0d8c2d7d4d26e,halves_copy_suits,synthetic,1603954.3000000715,
698639d278e0d8c2d7d4d26e,colors_palindrome,synthetic,2274265.2000000477,
698639d278e0d8c2d7d4d26e,all_same_color,synthetic,2387584,
6990045689cf6bafc0d83c99,both_halves_have_pair_rank,copy,1221942.800000012,
6998ebccba55eac8b0cf68bf,three_or_more_same_suit,synthetic,1576919.5,
6998ebccba55eac8b0cf68bf,some_half_red_other_black,synthetic,2369029.9,
6998ebccba55eac8b0cf68bf,two_pairs_suits,synthetic,2974327.8000000003,
6998ebccba55eac8b0cf68bf,ranks_palindrome,synthetic,3097516.5,
6998ebccba55eac8b0cf68bf,ranks_palindrome,synthetic,3099550.4,
6998ebccba55eac8b0cf68bf,ranks_palindrome,synthetic,3122472.3000000003,
6998ebccba55eac8b0cf68bf,three_any_suit_adjacent,synthetic,3262473.7,
6998ebccba55eac8b0cf68bf,pos16_pos25_same_suit,synthetic,3368332.3000000003,
6998ebccba55eac8b0cf68bf,four_hearts_adjacent,synthetic,3546672.2,
6998ebccba55eac8b0cf68bf,strict_increasing,synthetic,3819135.8000000003,
6998ebccba55eac8b0cf68bf,strict_increasing,synthetic,3838183.6,
6998ebccba55eac8b0cf68bf,strict_increasing,synthetic,3840488.5000000005,
6998ebccba55eac8b0cf68bf,strict_increasing,synthetic,3843533.5000000005,
6998ebccba55eac8b0cf68bf,strict_increasing,synthetic,3845670.8000000003,
6998ebccba55eac8b0cf68bf,strict_increasing,synthetic,3846629.6,
6998ebccba55eac8b0cf68bf,strict_increasing,synthetic,3848110.3000000003,
69b2dfa3578726afc01d223c,all_4s_8s_or_9s,synthetic,2016908.900000006,
69b594dccc64df571f092147,all_clubs_or_hearts,paste,949796.8,Each hand contains at least two cards whose values add up to 11
69b594dccc64df571f092147,halves_copy_ranks,paste,1037515.3,Each hand contains two sets of three cards with the same number
69b594dccc64df571f092147,skip2_same_rank_or_suit,paste,1217362.6,The red outlines are marking all the red-suit cards in each hand.
69b594dccc64df571f092147,suit_chain_dsh,synthetic,1476768.3,
69b594dccc64df571f092147,blacks_then_reds_start_black,paste,1709349.0999999999,every card is either paired to total 13 or is a King
69b594dccc64df571f092147,immediate_bracket_closure,paste,1798774.5999999999,Each hand contains at least one combination of cards that sums to 21
69b594dccc64df571f092147,pos135_same_rank,paste,1869808.7,"In every hand, there exists a group of exactly three cards that add up to 21."
69b594dccc64df571f092147,four_kind_adjacent_any,paste,1930957.5999999999,Every hand contains four cards of the same rank
69b594dccc64df571f092147,both_halves_uniform_color,paste,2017224.7,"Every hand follows this rule: it contains either

exactly 3 red cards and 3 black cards"
69b594dccc64df571f092147,four_any_suit_adjacent,paste,2120428.8,Each hand has at least four cards belonging to the same suit
69b594dccc64df571f092147,ap_len3_step1_anywhere,paste,2189985.5999999996,Each hand contains a subset of the red cards that
69b594dccc64df571f092147,ap_len3_step1_anywhere,synthetic,2196071.9000000004,
69b594dccc64df571f092147,straight5,paste,2270356,"In every hand, the red cards can be split into two groups that have equal totals."
69b594dccc64df571f092147,both_halves_have_pair_rank,paste,2320586.0999999996,"In every hand, the red cards contain a pair"
69b9f3184e0896ef41b99aa8,all_but_one_same_color,synthetic,1392623,
69b9f3184e0896ef41b99aa8,all_but_one_same_color,synthetic,1410791,
69b9f3184e0896ef41b99aa8,all_but_one_same_color,synthetic,1410961,
69b9f3184e0896ef41b99aa8,all_but_one_same_color,synthetic,1411210,
69b9f3184e0896ef41b99aa8,all_but_one_same_color,synthetic,1417873,
69b9f3184e0896ef41b99aa8,all_but_one_same_color,synthetic,1438704,
69b9f3184e0896ef41b99aa8,all_but_one_same_color,synthetic,1438876,
69b9f3184e0896ef41b99aa8,all_same_color,synthetic,1472146,
69b9f3184e0896ef41b99aa8,all_same_color,synthetic,1472257,
69b9f3184e0896ef41b99aa8,all_same_color,synthetic,1472437.0000000002,
69b9f3184e0896ef41b99aa8,all_same_color,synthetic,1476349,
69b9f3184e0896ef41b99aa8,colors_palindrome,synthetic,1591319,
69b9f3184e0896ef41b99aa8,colors_palindrome,synthetic,1594930,
69b9f3184e0896ef41b99aa8,colors_palindrome,synthetic,1594974,
69b9f3184e0896ef41b99aa8,colors_palindrome,synthetic,1595043.0000000002,
69b9f3184e0896ef41b99aa8,colors_palindrome,synthetic,1595192,
69b9f3184e0896ef41b99aa8,colors_palindrome,synthetic,1595262,
69b9f3184e0896ef41b99aa8,colors_palindrome,synthetic,1679667.0000000002,
69b9f3184e0896ef41b99aa8,colors_palindrome,synthetic,1680993,
69b9f3184e0896ef41b99aa8,colors_palindrome,synthetic,1682165,
69b9f3184e0896ef41b99aa8,ap_step2_len4_adj,synthetic,1707817,
69b9f3184e0896ef41b99aa8,triple_any_pos345,synthetic,1749157,
69b9f3184e0896ef41b99aa8,triple_any_pos345,synthetic,1749337,
69b9f3184e0896ef41b99aa8,four_diamonds_anywhere,synthetic,1956773.0000000002,
69b9f3184e0896ef41b99aa8,four_diamonds_anywhere,synthetic,1956995.0000000002,
69b9f3184e0896ef41b99aa8,four_diamonds_anywhere,synthetic,1957099,
69b9f3184e0896ef41b99aa8,four_diamonds_anywhere,synthetic,1957203,
69b9f3184e0896ef41b99aa8,all_odd,synthetic,2267937,
69b9f3184e0896ef41b99aa8,suit_brackets_nested,synthetic,2392711.0000000005,
69b9f3184e0896ef41b99aa8,suit_brackets_nested,synthetic,2392882,
69b9f3184e0896ef41b99aa8,pair_jacks_pos45,synthetic,2442817,
69b9f3184e0896ef41b99aa8,pair_jacks_pos45,synthetic,2443809,
69b9f3184e0896ef41b99aa8,pair_jacks_pos45,synthetic,2460282,
69b9f3184e0896ef41b99aa8,pair_jacks_pos45,synthetic,2460414,
69b9f3184e0896ef41b99aa8,ap_step1_len3_adj,synthetic,2623765,
69b9f3184e0896ef41b99aa8,ap_step2_len4_adj_ordered,synthetic,2789765,
69b9f3184e0896ef41b99aa8,ap_step2_len4_adj_ordered,synthetic,2789872,
69b9f3184e0896ef41b99aa8,four_any_suit_anywhere,synthetic,2889507,
69bc21dd22f17b2337957511,left_red_right_black,paste,966425.0000000001,"The first three cards on the left are red, and the last three on the right are black."
69bc21dd22f17b2337957511,all_clubs_or_hearts,paste,1126915,The last card (on the right) of each hand alternates between black and red.
69bc21dd22f17b2337957511,skip2_same_rank_or_suit,paste,1508708,First hand: first red card; Second hand: second red card; Third hand: third red card. Fourth hand: fourth black card; Fifth hand: fifth black card; Sixth hand: sixth black card.
69bc21dd22f17b2337957511,skip2_same_rank_or_suit,paste,1529760,card is red
69bc21dd22f17b2337957511,skip2_same_rank_or_suit,paste,1537126,card is red
69bc21dd22f17b2337957511,skip2_same_rank_or_suit,paste,1546041,card is red
69bc21dd22f17b2337957511,skip2_same_rank_or_suit,paste,1564843,card is black
69bc21dd22f17b2337957511,skip2_same_rank_or_suit,paste,1570542.0000000002,card is black
69bc21dd22f17b2337957511,skip2_same_rank_or_suit,copy,1525202,
69bc21dd22f17b2337957511,skip2_same_rank_or_suit,copy,1560168.0000000002,
69bc21dd22f17b2337957511,straight5,paste,2037953,"In every hand, it is possible to arrange 5 cards from highest to lowest (or vice versa)."
69bc21dd22f17b2337957511,both_halves_have_pair_rank,paste,2244930,"In every hand, it is possible to form two pairs of the same rank"
69bc21dd22f17b2337957511,suit_chain_dsh,paste,2421556,"In every hand, the first card is Diamonds. Or, in no hand are there Clubs."
69bc21dd22f17b2337957511,immediate_bracket_closure,paste,2784374.0000000005,"In each hand, there are at least two pairs of cards of the same suit."
69bc21dd22f17b2337957511,halves_copy_ranks,paste,2931476,"In every hand, it is possible to form two pairs of the same rank"
69bc21dd22f17b2337957511,halves_copy_ranks,synthetic,2943631,
69bc21dd22f17b2337957511,all_same_suit,paste,2964980,"In every hand, it is possible to form two pairs of the same rank"
69bc21dd22f17b2337957511,all_same_suit,paste,3024744,All the cards in the hand have the same rank.
69bc21dd22f17b2337957511,all_same_suit,paste,3059593,All the cards in the hand have the same suit.
69bc21dd22f17b2337957511,all_same_suit,copy,3001253,
69bc21dd22f17b2337957511,all_same_suit,synthetic,2979432.0000000005,
69bc21dd22f17b2337957511,all_same_suit,synthetic,2980387,
69bc21dd22f17b2337957511,all_same_suit,synthetic,2980396,
69bc21dd22f17b2337957511,blacks_then_reds_start_black,synthetic,3131725,
69bc21dd22f17b2337957511,blacks_then_reds_start_black,synthetic,3137717,
69bc21dd22f17b2337957511,blacks_then_reds_start_black,synthetic,3143024,
69bc21dd22f17b2337957511,both_halves_uniform_color,paste,3281466,"In each hand, the first 3 cards (on the left) and the last 3 (on the right) repeat the same color."
69bc21dd22f17b2337957511,four_any_suit_adjacent,paste,3513073,"In each hand, there are at least three cards of the same suit."
69bc21dd22f17b2337957511,pos135_same_rank,paste,3693880,The hand contains three cards of the same rank.
69bc21dd22f17b2337957511,four_kind_adjacent_any,paste,3721314,The hand contains three cards of the same rank.
69bc21dd22f17b2337957511,four_kind_adjacent_any,synthetic,3725230,
69bc21dd22f17b2337957511,ap_len3_step1_anywhere,paste,3804582,Each hand contains a 10.
69cd5149cf6fc07126897938,triple_3s_adjacent,paste,644547.7999999523,"All cards are Hearts, and there is at least one adjacent pair of 3♥ in each hand."
69cd5149cf6fc07126897938,all_but_one_same_color,paste,728301.6999998093,The first card of every hand is a Spade
69cd5149cf6fc07126897938,all_but_one_same_color,copy,718490.7999999523,
69cd5149cf6fc07126897938,all_same_color,paste,783971.0999999046,No rank appears more than twice in any hand
69cd5149cf6fc07126897938,pair_jacks_pos45,paste,817535.1999998093,Every hand contains exactly one Jack
69cd5149cf6fc07126897938,ap_step2_len4_adj_ordered,paste,871425.5,No hand contains a 3
69cd5149cf6fc07126897938,triple_any_pos345,paste,907411.5,Positions 3 and 4 in each hand contain two cards of the same rank
69cd5149cf6fc07126897938,four_diamonds_anywhere,paste,955682.399999857,"Each hand has both even-numbered ranks and odd-numbered ranks (treating A=1 odd, J=11 odd, Q=12 even, K=13 odd)"
69cd5149cf6fc07126897938,straight5_same_color,paste,990917.5,Each hand consists entirely of cards from a single suit.
69cd5149cf6fc07126897938,halves_copy_suits,paste,1048654.2999999523,No Diamonds (♦) appear in any hand
69cd5149cf6fc07126897938,ap_step1_len3_adj,paste,1452665.0999999046,"All cards in every hand are from Spades, Hearts, or Clubs — no Diamonds appear."
69cd5149cf6fc07126897938,colors_palindrome,paste,1494103.5999999046,Every hand contains at least one rank that appears two or more times
69cd5149cf6fc07126897938,all_odd,paste,1536530.6999998093,"All cards in every hand are from the set {3, 5, 7, 9} (odd ranks 3 through 9 only)"
69cd5149cf6fc07126897938,four_any_suit_anywhere,paste,1597551.899999857,All cards in each hand belong to the same suit.
69cd5149cf6fc07126897938,suit_brackets_nested,paste,1646682.0999999046,Every hand contains at least one even-numbered rank (treating Q=12 as even).
69cd5149cf6fc07126897938,ap_step2_len4_adj,paste,1700059.2999999523,"Every hand has at least one even-numbered rank (2,4,6,8,10,Q)"
